country,ticker,Date,Open,High,Low,Close,Volume,Dividends,Stock Splits
USA,NVDA,27/8/20,127.6058217,128.2896982,125.4593388,126.0758286,31760400,0,0
USA,NVDA,28/8/20,126.5425724,131.2648274,126.2181073,131.2623291,53716000,0,0
USA,NVDA,31/8/20,131.6117502,135.5278313,130.1641264,133.5261078,50084000,0,0
USA,NVDA,1/9/20,134.6196592,139.7502828,134.1852436,138.0251007,51131600,0.04,0
USA,NVDA,2/9/20,146.8407862,147.0704742,138.8140334,143.273056,87401200,0,0
USA,NVDA,3/9/20,138.1024924,138.6592416,128.6152024,129.9808655,94512800,0,0
USA,NVDA,4/9/20,127.6664752,131.5737394,116.8909096,126.0561295,146368400,0,0
USA,NVDA,8/9/20,117.1880112,125.3320998,116.8859181,118.9706192,79572800,0,0
USA,NVDA,9/9/20,123.8341017,127.9211252,122.15385,126.9798889,73620000,0,0
USA,NVDA,10/9/20,129.7187189,130.4776967,121.5072162,122.9527817,69868400,0,0
USA,NVDA,11/9/20,124.6879584,126.3557223,118.798342,121.4822464,63692800,0,0
USA,NVDA,14/9/20,130.6349941,132.9718599,126.1435135,128.550293,120174400,0,0
USA,NVDA,15/9/20,132.6223391,132.8095883,128.1058827,129.7362061,72755600,0,0
USA,NVDA,16/9/20,129.3991362,130.7523342,124.9700723,124.977562,55638400,0,0
USA,NVDA,17/9/20,121.1601859,125.729062,120.1864918,124.4682541,79251200,0,0
USA,NVDA,18/9/20,125.7690021,126.1559806,119.7270936,121.7294159,69846000,0,0
USA,NVDA,21/9/20,119.0904656,125.0574707,118.885738,125.005043,72104400,0,0
USA,NVDA,22/9/20,125.5817569,126.3107836,121.3923698,126.2084198,64645200,0,0
USA,NVDA,23/9/20,125.5867604,127.099733,120.6309054,121.0753098,64701200,0,0
USA,NVDA,24/9/20,120.5609935,125.5268371,119.9792686,123.3148041,73124000,0,0
USA,NVDA,25/9/20,124.3084749,128.6626503,122.2936721,128.5652771,58801600,0,0
USA,NVDA,28/9/20,130.2280334,130.342885,127.3294203,130.1756134,57380800,0,0
USA,NVDA,29/9/20,129.2019005,134.2476459,129.1594617,132.0805511,62146000,0,0
USA,NVDA,30/9/20,131.3989572,136.0427449,131.3265597,135.1239624,68918400,0,0
USA,NVDA,1/10/20,137.3959224,137.4433595,134.4273959,135.9628448,52500400,0,0
USA,NVDA,2/10/20,132.0730791,135.0141467,130.3354014,130.4477539,55249600,0,0
USA,NVDA,5/10/20,132.1829136,136.2599558,132.0505836,136.2424774,47982000,0,0
USA,NVDA,6/10/20,138.1149753,141.2307963,136.4671736,137.1812286,78442000,0,0
USA,NVDA,7/10/20,139.8101906,141.0035991,138.4495105,139.4531708,41808400,0,0
USA,NVDA,8/10/20,140.561689,140.6565632,137.395932,138.2023468,37890000,0,0
USA,NVDA,9/10/20,137.4858288,138.0575574,136.4247501,137.4433899,34689200,0,0
USA,NVDA,12/10/20,139.7078454,143.2780595,138.9388713,142.0696716,43474400,0,0
USA,NVDA,13/10/20,142.7737227,143.2930313,139.9999424,142.2918701,34460400,0,0
USA,NVDA,14/10/20,142.7138186,143.2356263,139.4132474,140.7639313,27610000,0,0
USA,NVDA,15/10/20,137.9227239,139.8701119,137.4933065,139.513092,26722400,0,0
USA,NVDA,16/10/20,140.1796951,141.0260649,137.7404733,137.9302216,24239200,0,0
USA,NVDA,19/10/20,138.8440048,139.6479358,133.8881498,134.7969208,29806800,0,0
USA,NVDA,20/10/20,135.65328,137.8128778,134.8893041,136.2724457,22921200,0,0
USA,NVDA,21/10/20,136.0677355,137.7305015,134.5947025,135.0665741,21959600,0,0
USA,NVDA,22/10/20,135.0440887,135.9353812,132.1404774,133.4312439,29048000,0,0
USA,NVDA,23/10/20,134.3200678,135.7506465,132.7346976,135.7206879,23348400,0,0
USA,NVDA,26/10/20,134.090354,136.7442995,130.2105423,131.2366791,33689600,0,0
USA,NVDA,27/10/20,132.8819819,134.2401631,131.7385095,133.788269,25052000,0,0
USA,NVDA,28/10/20,131.8034266,132.4226075,125.9213071,126.1010666,37652000,0,0
USA,NVDA,29/10/20,128.2132361,131.7510078,127.3294256,130.0657654,32008000,0,0
USA,NVDA,30/10/20,128.3280859,129.1919342,122.8354441,125.1723099,41682000,0,0
USA,NVDA,2/11/20,126.4081572,128.1957557,123.7841699,125.6391907,29965200,0,0
USA,NVDA,3/11/20,126.9149658,130.8746648,125.8588779,130.020813,27290000,0,0
USA,NVDA,4/11/20,133.7133653,138.089994,133.1915577,137.7579498,41022800,0,0
USA,NVDA,5/11/20,141.4355134,143.1981514,139.7228117,141.410553,31902800,0,0
USA,NVDA,6/11/20,140.9087301,145.6923148,138.7640965,145.4251709,38334800,0,0
USA,NVDA,9/11/20,145.3303046,146.7184443,135.9254079,136.1251373,58297600,0,0
USA,NVDA,10/11/20,135.8829662,135.8829662,126.1135526,127.5291519,64406800,0,0
USA,NVDA,11/11/20,130.3628746,134.1702743,129.309278,134.0004883,40474400,0,0
USA,NVDA,12/11/20,134.6096572,137.4758277,132.9818483,134.3874664,36581200,0,0
USA,NVDA,13/11/20,136.0902017,136.5046398,130.4177924,132.7921143,34631200,0,0
USA,NVDA,16/11/20,131.548775,136.3123824,131.3839872,134.9716797,41377600,0,0
USA,NVDA,17/11/20,135.343686,135.7806007,132.859526,134.0429382,31202800,0,0
USA,NVDA,18/11/20,134.4723511,135.8754701,131.6736101,134.1078491,51092400,0,0
USA,NVDA,19/11/20,131.9507365,134.6945583,130.8247424,134.2226868,56593600,0,0
USA,NVDA,20/11/20,134.3599988,134.764471,130.4752037,130.7024078,34108800,0,0
USA,NVDA,23/11/20,131.5362793,133.6459561,129.9808679,131.2241974,36135600,0,0
USA,NVDA,24/11/20,131.2491763,131.4439075,128.6776243,129.4041443,34650000,0,0
USA,NVDA,25/11/20,130.1506248,132.5174641,130.025792,132.1704254,25991600,0,0
USA,NVDA,27/11/20,133.5710643,133.8956264,131.528802,132.4350891,16727600,0,0
USA,NVDA,30/11/20,132.4725142,133.9455468,129.5489408,133.8356934,28695200,0,0
USA,NVDA,1/12/20,134.7419791,135.1064962,132.1055119,133.7208405,29694800,0,0
USA,NVDA,2/12/20,133.3263871,136.5520613,132.1654363,135.2637939,28336000,0,0
USA,NVDA,3/12/20,135.7333088,136.4575589,133.1509978,133.8203125,19952000,0.04,0
USA,NVDA,4/12/20,134.344742,135.4585847,133.7478615,135.4411011,20224400,0,0
USA,NVDA,7/12/20,135.8706628,137.1693102,134.8592217,135.9256134,22324400,0,0
USA,NVDA,8/12/20,135.7083342,135.8456878,132.6764956,133.3607788,27192000,0,0
USA,NVDA,9/12/20,132.8663072,134.0001181,128.5483049,129.1726532,40130000,0,0
USA,NVDA,10/12/20,128.5558099,130.5512246,128.3610059,129.5872345,20776400,0,0
USA,NVDA,11/12/20,129.5372535,130.0641996,128.0962531,129.9967804,20926400,0,0
USA,NVDA,14/12/20,130.7435281,133.747884,130.6386266,132.9487152,27015600,0,0
USA,NVDA,15/12/20,134.2573369,134.4995767,131.7299615,133.4656525,19301600,0,0
USA,NVDA,16/12/20,134.0850525,134.2323902,131.987236,132.2869263,22311600,0,0
USA,NVDA,17/12/20,133.5281002,133.6554696,131.6475713,133.2733765,23138400,0,0
USA,NVDA,18/12/20,133.6504649,133.9102035,130.5686908,132.5815887,34206400,0,0
USA,NVDA,21/12/20,130.6111449,133.5605652,129.5397688,133.1834564,30233200,0,0
USA,NVDA,22/12/20,133.0536191,133.2334241,130.4038734,132.644043,18558000,0,0
USA,NVDA,23/12/20,132.421774,132.6115783,129.9143967,129.9568481,17914400,0,0
USA,NVDA,24/12/20,130.2365306,131.1880366,129.2525572,129.8019867,9788400,0,0
USA,NVDA,28/12/20,130.4887685,130.4887685,127.4993891,128.8654633,21256400,0,0
USA,NVDA,29/12/20,129.1152111,130.588679,128.2885746,129.2975159,17037200,0,0
USA,NVDA,30/12/20,129.7670179,131.9996875,128.8329954,131.3204041,22539600,0,0
USA,NVDA,31/12/20,131.2280167,131.3728545,129.0153149,130.4138641,19242400,0,0
USA,NVDA,4/1/21,130.9058429,136.3826239,129.4898254,130.9982452,56064000,0,0
USA,NVDA,5/1/21,130.8608924,134.2948077,130.7335229,133.9077148,32276000,0,0
USA,NVDA,6/1/21,132.0871118,132.311868,125.7287442,126.013443,58042400,0,0
USA,NVDA,7/1/21,129.5397841,133.6379995,128.7306312,133.3008575,46148000,0,0
USA,NVDA,8/1/21,133.4856629,134.0700596,130.284003,132.6290588,29252800,0,0
USA,NVDA,11/1/21,134.0475702,139.4644163,133.4856568,136.0729523,51834400,0,0
USA,NVDA,12/1/21,137.3815923,137.4015757,133.3108444,134.7068939,29147600,0,0
USA,NVDA,13/1/21,134.7593008,136.1078989,133.7104081,135.1763763,21002800,0,0
USA,NVDA,14/1/21,135.608427,135.8556664,131.6675339,131.8648376,28312000,0,0
USA,NVDA,15/1/21,132.1420463,133.1135357,128.3510058,128.4608917,27778000,0,0
USA,NVDA,19/1/21,130.0267815,130.8034671,128.3060739,130.116684,22618800,0,0
USA,NVDA,20/1/21,130.9807526,134.1649284,130.4313383,133.5181122,25857200,0,0
USA,NVDA,21/1/21,134.0450573,139.8464959,132.3917845,138.5303802,33778000,0,0
USA,NVDA,22/1/21,137.2566864,138.273127,136.1303752,136.9819794,24682000,0,0
USA,NVDA,25/1/21,137.6737851,138.1407963,132.2269717,136.3901215,25111200,0,0
USA,NVDA,26/1/21,135.6633563,136.3051881,133.7353765,134.2123718,16398000,0,0
USA,NVDA,27/1/21,132.1620424,132.18951,127.8040885,129.0428009,37127200,0,0
USA,NVDA,28/1/21,129.8269717,133.2584025,129.4698463,130.3739014,22831600,0,0
USA,NVDA,29/1/21,130.6136588,133.2084539,128.9803692,129.7620544,27155200,0,0
USA,NVDA,1/2/21,130.3963712,132.569106,128.8929359,132.2319489,21720400,0,0
USA,NVDA,2/2/21,133.8477931,135.5784848,132.7164667,135.4261475,22044000,0,0
USA,NVDA,3/2/21,136.217787,139.1722068,135.024026,135.1638794,24540800,0,0
USA,NVDA,4/2/21,135.1689005,136.5924176,133.2384205,136.5000153,20134000,0,0
USA,NVDA,5/2/21,137.1068791,137.2292489,135.3162525,135.76828,16915200,0,0
USA,NVDA,8/2/21,137.1293528,144.5865643,137.1293528,144.2369232,43462400,0,0
USA,NVDA,9/2/21,143.2579657,145.6804401,142.0767036,142.4837799,28756000,0,0
USA,NVDA,10/2/21,144.481685,148.8945741,143.2654405,147.4885406,48535200,0,0
USA,NVDA,11/2/21,149.646284,152.5632371,149.0943547,152.348465,45082800,0,0
USA,NVDA,12/2/21,150.3430534,152.7530436,147.5959212,149.4564819,37475600,0,0
USA,NVDA,16/2/21,150.4854094,153.5646992,149.344099,153.1426392,32196000,0,0
USA,NVDA,17/2/21,151.5518175,152.076264,147.6458908,148.9045715,27475600,0,0
USA,NVDA,18/2/21,147.1363883,148.5773889,145.5980011,148.1353455,23386800,0,0
USA,NVDA,19/2/21,150.0883183,151.6117371,148.3126755,149.1093445,27172400,0,0
USA,NVDA,22/2/21,147.5934242,151.1746924,143.1006167,143.4077911,32588400,0,0
USA,NVDA,23/2/21,140.6057223,142.2390118,133.7553753,141.272522,39178000,0,0
USA,NVDA,24/2/21,141.0802176,144.9162247,137.4165464,144.8388062,44832000,0,0
USA,NVDA,25/2/21,140.3085268,143.5975889,132.024679,132.9362183,82443600,0,0
USA,NVDA,26/2/21,137.381577,138.4005176,133.4706664,137.0019836,50093200,0,0
USA,NVDA,1/3/21,138.6053051,139.1047837,135.3911617,138.2731476,35318400,0,0
USA,NVDA,2/3/21,138.8550501,139.0598382,133.8203126,133.922699,26411600,0,0
USA,NVDA,3/3/21,134.1224702,134.3747093,127.8540207,127.9139557,37759200,0,0
USA,NVDA,4/3/21,127.8740202,129.6146958,120.7114914,123.5735016,57334400,0,0
USA,NVDA,5/3/21,125.3691256,125.3691256,116.6707094,124.4850464,54284000,0,0
USA,NVDA,8/3/21,124.370154,124.5824339,115.5443693,115.8115921,54311200,0,0
USA,NVDA,9/3/21,121.2178255,126.079435,120.508322,125.1151047,52182400,0.04,0
USA,NVDA,10/3/21,128.3153641,129.7093946,124.4880359,124.5954666,38437600,0,0
USA,NVDA,11/3/21,129.4095902,130.3714121,127.2560959,129.8442841,29991600,0,0
USA,NVDA,12/3/21,126.3942114,128.7975314,125.8121213,128.4702606,24396400,0,0
USA,NVDA,15/3/21,128.5577141,131.9753252,127.5833885,131.8204346,22198800,0,0
USA,NVDA,16/3/21,133.4717736,135.0306822,131.0759403,132.8197327,27212800,0,0
USA,NVDA,17/3/21,130.3064868,134.4385951,129.8043352,133.3193817,24386400,0,0
USA,NVDA,18/3/21,131.2733016,131.7479609,127.0812228,127.1361847,29389600,0,0
USA,NVDA,19/3/21,127.4109925,129.1247916,126.0369524,128.3678284,29920800,0,0
USA,NVDA,22/3/21,129.0373555,133.8514972,128.9773999,131.7704468,29780400,0,0
USA,NVDA,23/3/21,132.4499981,133.3518799,130.1216223,130.6162872,22204800,0,0
USA,NVDA,24/3/21,131.4207001,131.5006461,126.2792947,126.3417511,24584000,0,0
USA,NVDA,25/3/21,124.9077508,127.0587446,122.6343373,125.2649994,29514400,0,0
USA,NVDA,26/3/21,125.4573559,128.4727512,123.6486219,128.3028717,36396800,0,0
USA,NVDA,29/3/21,128.113015,130.5338247,126.911355,129.3921204,27352000,0,0
USA,NVDA,30/3/21,128.3303621,129.6619363,126.9613232,128.627655,20020400,0,0
USA,NVDA,31/3/21,130.0641363,134.610963,129.7343649,133.3893127,31477600,0,0
USA,NVDA,1/4/21,135.6277553,138.60317,135.0181806,138.0210724,30827600,0,0
USA,NVDA,5/4/21,138.5781997,140.0421734,137.2341374,139.777359,25567200,0,0
USA,NVDA,6/4/21,139.8997612,140.4443788,137.6388437,138.5182343,19174400,0,0
USA,NVDA,7/4/21,138.7106198,142.3355905,137.0193114,141.3362885,25128400,0,0
USA,NVDA,8/4/21,142.4280302,144.6140036,142.3905655,143.0700836,24441600,0,0
USA,NVDA,9/4/21,142.0407729,143.9794211,141.6510458,143.8994751,19517200,0,0
USA,NVDA,12/4/21,142.7977675,153.4178369,141.293813,151.9838409,86932400,0,0
USA,NVDA,13/4/21,152.2086784,156.8904056,151.1519215,156.6855469,67621200,0,0
USA,NVDA,14/4/21,156.1409271,157.0952622,152.1686958,152.6633606,38550000,0,0
USA,NVDA,15/4/21,156.5156586,162.0293086,156.2058775,161.2598419,59848000,0,0
USA,NVDA,16/4/21,160.4179494,161.5446648,158.5417574,159.0139313,33520800,0,0
USA,NVDA,19/4/21,155.2565622,157.9646621,152.223677,153.5102692,40442000,0,0
USA,NVDA,20/4/21,153.1255258,154.8618159,149.5255474,151.6065826,33413200,0,0
USA,NVDA,21/4/21,151.081964,153.5177625,150.9170859,153.4977722,21677600,0,0
USA,NVDA,22/4/21,153.6426844,154.2772356,147.7318197,148.3988495,27778800,0,0
USA,NVDA,23/4/21,149.238257,153.2429671,148.898498,152.5459442,22750000,0,0
USA,NVDA,26/4/21,151.744004,154.6819388,151.1444167,154.6719513,19779600,0,0
USA,NVDA,27/4/21,155.6762696,156.5956256,153.4378275,153.710144,16457200,0,0
USA,NVDA,28/4/21,153.537748,155.2140672,152.0487827,152.6608582,20941600,0,0
USA,NVDA,29/4/21,153.8924953,154.257246,150.6097849,153.1405182,17319600,0,0
USA,NVDA,30/4/21,151.6390766,153.5427457,149.8653216,149.9902344,20191200,0,0
USA,NVDA,3/5/21,151.1444421,152.3610912,147.7717976,148.2639465,20391200,0,0
USA,NVDA,4/5/21,146.2703273,146.272828,140.0046996,143.412323,40532400,0,0
USA,NVDA,5/5/21,146.9873107,148.0315793,143.7745588,144.4840698,29202400,0,0
USA,NVDA,6/5/21,144.8513289,145.610793,142.0807573,145.1286316,19338000,0,0
USA,NVDA,7/5/21,147.9791234,149.6029889,146.6150708,148.0190887,22932800,0,0
USA,NVDA,10/5/21,147.7692627,147.9566318,142.4005158,142.5579071,26890400,0,0
USA,NVDA,11/5/21,138.1535055,143.4473086,137.4040289,142.9626465,28558400,0,0
USA,NVDA,12/5/21,139.9972103,142.5029521,136.9968037,137.4889679,30340800,0,0
USA,NVDA,13/5/21,140.2395234,140.7091965,134.4960382,136.5570984,28540400,0,0
USA,NVDA,14/5/21,138.8030467,143.1799945,137.389041,142.3305817,25861600,0,0
USA,NVDA,17/5/21,141.4711897,141.5936017,138.4383045,141.5561218,21698000,0,0
USA,NVDA,18/5/21,142.5704049,143.9419444,139.942236,140.0596619,18625600,0,0
USA,NVDA,19/5/21,135.5703029,140.6967272,135.337967,140.5593262,34400000,0,0
USA,NVDA,20/5/21,142.9251529,146.7349915,142.6053842,146.022995,32159200,0,0
USA,NVDA,21/5/21,151.5316516,152.1137493,148.5912159,149.812851,67299200,0,0
USA,NVDA,24/5/21,152.0188104,157.3400903,151.6540597,156.0110168,55481600,0,0
USA,NVDA,25/5/21,157.5499558,158.0745833,154.716928,156.3682709,43540800,0,0
USA,NVDA,26/5/21,157.2326711,157.827257,155.7537084,156.8904114,37044000,0,0
USA,NVDA,27/5/21,156.887911,157.3900627,154.492093,154.7718964,58147600,0,0
USA,NVDA,28/5/21,154.9017816,162.6613602,154.9017816,162.331604,64453600,0,0
USA,NVDA,1/6/21,162.5864332,163.7681182,158.9214973,162.5314789,47280400,0,0
USA,NVDA,2/6/21,162.4090522,169.0693927,162.2416581,167.6653748,59416800,0,0
USA,NVDA,3/6/21,166.890916,172.4695078,165.7142326,169.5790253,58000800,0,0
USA,NVDA,4/6/21,171.005555,176.4867271,170.8356755,175.6598053,61712000,0,0
USA,NVDA,7/6/21,175.5898414,178.0006635,171.807495,176.0670166,57575600,0,0
USA,NVDA,8/6/21,175.1501597,176.0919914,172.3895758,174.4481506,32384800,0,0
USA,NVDA,9/6/21,175.0753569,175.6675779,172.4765702,173.5010986,38165600,0.04,0
USA,NVDA,10/6/21,173.4186257,174.8379579,171.6794363,174.1682739,28777200,0,0
USA,NVDA,11/6/21,174.7130169,179.3083643,174.3556864,178.1688995,41630800,0,0
USA,NVDA,14/6/21,178.9760232,180.3104038,176.5446688,180.1029968,32137600,0,0
USA,NVDA,15/6/21,179.0659655,180.0780028,177.1968475,177.8015594,24303200,0,0
USA,NVDA,16/6/21,177.8240661,179.4632963,175.7625333,178.0189667,30712400,0,0
USA,NVDA,17/6/21,177.6616264,188.2616632,177.4792169,186.4849854,80965600,0,0
USA,NVDA,18/6/21,187.7518975,193.6591293,185.7528355,186.3000793,96885600,0,0
USA,NVDA,21/6/21,184.26603,185.2780673,178.1439027,184.1860809,67238400,0,0
USA,NVDA,22/6/21,184.6283516,189.5485432,183.773757,188.7789001,58014400,0,0
USA,NVDA,23/6/21,189.9883456,191.4376624,188.9888146,190.4831085,33235600,0,0
USA,NVDA,24/6/21,192.1873194,194.1089183,190.7929846,191.96492,32092400,0,0
USA,NVDA,25/6/21,192.7145585,193.3642628,188.8563836,190.2207336,27836400,0,0
USA,NVDA,28/6/21,193.5216939,200.6933317,193.0993914,199.7562714,49543600,0,0
USA,NVDA,29/6/21,198.7317404,200.8932322,196.4778085,200.1735687,36763200,0,0
USA,NVDA,30/6/21,199.8986816,201.5304232,198.5443215,199.9311676,32656800,0,0
USA,NVDA,1/7/21,201.1556204,204.4640657,200.0961199,202.0252075,48013600,0,0
USA,NVDA,2/7/21,204.306631,204.9563353,202.7823523,204.7739105,34276400,0,0
USA,NVDA,6/7/21,207.2777407,208.3222487,203.4070593,206.8879242,44670800,0,0
USA,NVDA,7/7/21,208.4372092,208.6521047,203.2246585,203.6219635,41842800,0,0
USA,NVDA,8/7/21,198.4718661,201.2355686,196.9151015,198.9341431,50330000,0,0
USA,NVDA,9/7/21,199.5313868,200.7083402,197.4498591,200.4084778,29662400,0,0
USA,NVDA,12/7/21,202.3050653,205.2311977,201.7828189,205.0287933,32198400,0,0
USA,NVDA,13/7/21,203.9093283,204.5165416,201.0456665,202.4050293,29070800,0,0
USA,NVDA,14/7/21,203.4820146,204.0817393,197.4348492,198.3219299,38010000,0,0
USA,NVDA,15/7/21,198.0245842,198.3769274,188.4965685,189.5735626,55056400,0,0
USA,NVDA,16/7/21,190.2157242,191.4801455,180.6452187,181.5248108,68822400,0,0
USA,NVDA,19/7/21,179.0684624,190.3306791,178.5711982,187.7094116,74906000,0,0
USA,NVDA,20/7/21,187.2121541,188.2916493,181.5548051,186.0326996,43468700,0,4
USA,NVDA,21/7/21,188.7314497,195.1784216,187.3320972,194.0089722,37101700,0,0
USA,NVDA,22/7/21,196.3278846,198.7767326,192.6695974,195.848114,32382600,0,0
USA,NVDA,23/7/21,196.4678174,196.9076135,192.4097238,195.4882813,19567200,0,0
USA,NVDA,26/7/21,193.019421,194.3288041,189.0512819,192.8495026,20394300,0,0
USA,NVDA,27/7/21,192.5596387,196.1279716,187.3221061,191.9899139,24886300,0,0
USA,NVDA,28/7/21,193.099389,196.3678595,189.8609032,194.9385223,20219100,0,0
USA,NVDA,29/7/21,195.0984642,198.4368942,193.1893563,196.5277863,19078100,0,0
USA,NVDA,30/7/21,194.0889266,196.2079428,192.5396657,194.8985596,18349700,0,0
USA,NVDA,2/8/21,196.9076136,199.5163902,193.519204,197.4073792,21744400,0,0
USA,NVDA,3/8/21,197.3074044,202.1251509,192.1098465,198.0570526,30181100,0,0
USA,NVDA,4/8/21,199.8062482,203.0847088,198.1870128,202.644928,23130900,0,0
USA,NVDA,5/8/21,204.9038409,207.2327498,203.3245802,206.2731934,21143500,0,0
USA,NVDA,6/8/21,205.143729,205.6035047,202.0052026,203.5644684,17849700,0,0
USA,NVDA,9/8/21,204.3641142,204.9838185,201.3355212,202.8548126,14644300,0,0
USA,NVDA,10/8/21,203.1246849,204.2041802,198.256974,199.2664948,17923800,0,0
USA,NVDA,11/8/21,200.3360028,200.3959875,194.2088878,196.8976288,18592500,0,0
USA,NVDA,12/8/21,198.6068078,200.1960585,196.1079803,198.9566498,15165200,0,0
USA,NVDA,13/8/21,198.9566495,202.0451967,198.4168942,201.7853241,18306300,0,0
USA,NVDA,16/8/21,201.2555869,202.7748632,194.4387777,199.4064484,21087600,0,0
USA,NVDA,17/8/21,196.7576786,197.6072708,192.5796312,194.488739,20458500,0,0
USA,NVDA,18/8/21,194.9085482,196.2479161,189.9108932,190.3106995,28591300,0,0
USA,NVDA,19/8/21,194.8485784,204.8538784,187.5320041,197.887146,76655500,0,0
USA,NVDA,20/8/21,199.8162325,208.5521231,199.2365027,208.0623627,67574100,0,0
USA,NVDA,23/8/21,209.6116687,219.866852,209.4017604,219.4770355,57580700,0,0
USA,NVDA,24/8/21,217.427983,219.4870145,215.2490127,217.8277893,29729900,0,0
USA,NVDA,25/8/21,217.2680407,224.5946045,217.1181172,222.0258179,34770100,0,0
USA,NVDA,26/8/21,221.8958805,223.2952178,217.7977974,220.5764923,23794000,0,0
USA,NVDA,27/8/21,221.7359457,227.1134272,221.5660273,226.25383,30472200,0,0
USA,NVDA,30/8/21,228.1929222,230.3219128,225.4042223,226.7735901,26258000,0,0
USA,NVDA,31/8/21,226.8835529,226.8835529,221.1352363,223.7844696,25985000,0.04,0
USA,NVDA,1/9/21,224.7841882,226.9035628,223.5045641,224.3443146,20176700,0,0
USA,NVDA,2/9/21,225.1140685,225.8638489,222.8847256,223.8944397,18783400,0,0
USA,NVDA,3/9/21,223.1846522,229.792718,221.9350181,228.3631287,28053200,0,0
USA,NVDA,7/9/21,228.263156,228.9229664,225.1540659,226.5536499,19810700,0,0
USA,NVDA,8/9/21,225.0640963,226.0338136,219.7056649,223.3246002,25443400,0,0
USA,NVDA,9/9/21,223.0546737,225.3140219,221.2452061,221.7050781,19685600,0,0
USA,NVDA,10/9/21,223.4145804,226.1937654,222.6348099,224.7142029,24837600,0,0
USA,NVDA,13/9/21,226.7735891,229.5727724,218.5160127,221.4551544,29750000,0,0
USA,NVDA,14/9/21,222.6847941,224.0344051,220.795348,222.3548889,19975500,0,0
USA,NVDA,15/9/21,223.0246908,223.6045229,219.5957022,223.3446045,16653800,0,0
USA,NVDA,16/9/21,221.7650653,222.7047926,219.2058171,222.3548889,15603300,0,0
USA,NVDA,17/9/21,222.9347115,223.1446567,218.2360906,218.9358826,29450300,0,0
USA,NVDA,20/9/21,211.3980967,214.2672516,206.5595022,211.0681915,34944000,0,0
USA,NVDA,21/9/21,214.1073028,214.1872812,209.4386717,212.3978119,20468800,0,0
USA,NVDA,22/9/21,213.5974477,219.535711,211.8979484,219.3457642,26872600,0,0
USA,NVDA,23/9/21,221.3351688,225.2840245,218.8359008,224.7541809,24855500,0,0
USA,NVDA,24/9/21,220.6353929,221.4251702,218.5460084,220.7453613,21765500,0,0
USA,NVDA,27/9/21,217.0364442,217.926183,213.1875653,216.5365906,24521500,0,0
USA,NVDA,28/9/21,212.0778992,214.1273021,206.4495424,206.9294128,34306900,0,0
USA,NVDA,29/9/21,209.3386815,210.1084603,204.6100707,205.1099243,21839400,0,0
USA,NVDA,30/9/21,207.6191867,210.5983252,206.8194332,207.09935,22100900,0,0
USA,NVDA,1/10/21,207.4392466,208.5289238,201.9708469,207.3592682,24097800,0,0
USA,NVDA,4/10/21,204.9799633,205.3598569,195.4927515,197.2622375,34563500,0,0
USA,NVDA,5/10/21,199.4415913,206.4195435,198.4818657,204.450119,27928200,0,0
USA,NVDA,6/10/21,201.1410872,207.1393305,200.7412105,206.9393921,29720200,0,0
USA,NVDA,7/10/21,210.8582419,213.1575715,209.6585963,210.6882935,25691900,0,0
USA,NVDA,8/10/21,210.9482146,211.9979102,207.6891746,208.2490082,15125800,0,0
USA,NVDA,11/10/21,205.6897739,210.5683503,205.0499618,206.8894196,16338800,0,0
USA,NVDA,12/10/21,208.2190228,210.5083609,205.2199011,206.6494904,16213400,0,0
USA,NVDA,13/10/21,209.1187444,209.8385348,207.0693568,209.3286896,18065200,0,0
USA,NVDA,14/10/21,212.817686,217.486317,211.1581683,217.396347,24358900,0,0
USA,NVDA,15/10/21,218.0361477,219.2457849,216.5565701,218.5559845,22699400,0,0
USA,NVDA,18/10/21,217.4263269,222.8447382,216.3766313,222.1549377,18949400,0,0
USA,NVDA,19/10/21,222.6947889,223.7244862,220.3054891,222.8347473,16147300,0,0
USA,NVDA,20/10/21,222.9846991,224.2643231,219.7556491,220.9652863,14627600,0,0
USA,NVDA,21/10/21,220.9053213,227.0435235,220.7653629,226.8535767,18759000,0,0
USA,NVDA,22/10/21,228.1631834,231.2322921,225.5439553,227.1934662,24938400,0,0
USA,NVDA,25/10/21,229.6627506,233.4816398,227.633346,231.5921936,23023500,0,0
USA,NVDA,26/10/21,239.8197734,252.5160525,239.1699698,247.097641,48589800,0,0
USA,NVDA,27/10/21,244.6683592,250.8265443,242.7489231,244.4384155,24599000,0,0
USA,NVDA,28/10/21,248.7071699,249.4269603,245.1582061,249.3369904,23420400,0,0
USA,NVDA,29/10/21,249.936807,257.0147363,249.9268155,255.5951538,29250300,0,0
USA,NVDA,1/11/21,256.4148889,258.8641837,252.1961385,258.1943665,26574000,0,0
USA,NVDA,2/11/21,258.1443955,266.7018867,257.9244587,263.9327087,29411200,0,0
USA,NVDA,3/11/21,266.6219205,267.7615709,262.2731881,265.9021301,23991000,0,0
USA,NVDA,4/11/21,272.210289,313.5581652,271.1005981,297.92276,115363100,0,0
USA,NVDA,5/11/21,301.7816245,313.9080784,294.0139101,297.4328918,85126000,0,0
USA,NVDA,8/11/21,301.4017283,310.908954,298.9824539,307.9498291,50310100,0,0
USA,NVDA,9/11/21,322.7254977,323.0054145,299.5522913,306.4802551,64674600,0,0
USA,NVDA,10/11/21,293.4740564,308.4096851,287.6957498,294.5037537,63620600,0,0
USA,NVDA,11/11/21,304.5908056,305.8104497,297.6828247,303.8110352,33217200,0,0
USA,NVDA,12/11/21,300.0121597,306.7101802,296.2132538,303.8110352,41305400,0,0
USA,NVDA,15/11/21,305.4305557,306.3502998,292.384388,300.1621094,38490900,0,0
USA,NVDA,16/11/21,297.5028866,303.8110371,296.9730429,301.9415894,26448400,0,0
USA,NVDA,17/11/21,304.0909427,305.0006799,287.9156868,292.5243225,42850800,0,0
USA,NVDA,18/11/21,323.5752755,327.5041179,313.1183152,316.6572876,78171100,0,0
USA,NVDA,19/11/21,322.3356071,330.7831458,318.9565917,329.7534485,53386700,0,0
USA,NVDA,22/11/21,335.0718759,346.3685551,318.9065971,319.4664307,75433500,0,0
USA,NVDA,23/11/21,315.2576977,323.5052828,308.7095967,317.3670654,53216300,0,0
USA,NVDA,24/11/21,314.5178645,328.4537852,309.1894386,326.6443176,43516200,0,0
USA,NVDA,26/11/21,325.9045329,327.0042168,313.4081934,314.9377441,28306900,0,0
USA,NVDA,29/11/21,323.5652434,334.0221724,320.2661913,333.6622925,45496400,0,0
USA,NVDA,30/11/21,331.5928864,333.432344,318.5467195,326.6643372,62206600,0,0
USA,NVDA,1/12/21,332.1334045,332.8332975,313.7465232,314.2964478,48436800,0.04,0
USA,NVDA,2/12/21,312.08685,324.7246812,310.1971572,321.2052917,47289000,0,0
USA,NVDA,3/12/21,319.9454973,321.2352861,301.2486701,306.8777161,54432500,0,0
USA,NVDA,6/12/21,298.7490773,302.3584781,280.3322329,300.3188171,65893800,0,0
USA,NVDA,7/12/21,309.5172745,324.4347159,306.4577982,324.2147522,59305300,0,0
USA,NVDA,8/12/21,319.9354657,322.8449735,314.1564518,318.20578,47555100,0,0
USA,NVDA,9/12/21,317.2859362,321.9951253,304.2281635,304.848053,48850700,0,0
USA,NVDA,10/12/21,311.4469253,312.996649,298.5591069,301.9285583,48882500,0,0
USA,NVDA,13/12/21,302.4384596,302.8883951,281.1121067,281.5620117,59834400,0,0
USA,NVDA,14/12/21,276.9427984,286.731139,272.4535732,283.3217163,66703500,0,0
USA,NVDA,15/12/21,283.9516271,304.9480503,278.3325893,304.5381165,69829700,0,0
USA,NVDA,16/12/21,311.4669072,311.5469107,280.8821233,283.8216248,70736600,0,0
USA,NVDA,17/12/21,279.8023294,289.1707281,277.5527127,277.9626465,71375800,0,0
USA,NVDA,20/12/21,273.0034822,281.3920679,271.4037791,277.1427917,46184700,0,0
USA,NVDA,21/12/21,283.6916544,291.1504055,273.9633314,290.70047,52438500,0,0
USA,NVDA,22/12/21,288.8607913,295.4996444,284.4415308,293.9499207,39518400,0,0
USA,NVDA,23/12/21,297.4992852,300.5387758,294.2598471,296.3494873,34302200,0,0
USA,NVDA,27/12/21,296.5494908,310.8170494,296.3495126,309.3973083,40368600,0,0
USA,NVDA,28/12/21,313.066642,313.246604,300.0688571,303.168335,42059100,0,0
USA,NVDA,29/12/21,302.6784306,305.427962,293.6099687,299.9588928,34313900,0,0
USA,NVDA,30/12/21,298.2191941,304.5181395,295.3496877,295.8096008,30886400,0,0
USA,NVDA,31/12/21,296.6894323,300.2488233,293.260024,294.0598755,26653000,0,0
USA,NVDA,3/1/22,298.099215,307.0576805,297.7992783,301.1586914,39154700,0,0
USA,NVDA,4/1/22,302.7184114,304.6280897,283.441697,292.8500977,52715400,0,0
USA,NVDA,5/1/22,289.4406712,294.1098891,275.2830799,275.992981,49806400,0,0
USA,NVDA,6/1/22,276.3529063,284.3315578,270.6038859,281.7319946,45418600,0,0
USA,NVDA,7/1/22,281.3620634,284.1715823,270.5239138,272.423584,40993900,0,0
USA,NVDA,10/1/22,265.7647309,274.6432236,256.3963315,273.9533386,59468100,0,0
USA,NVDA,11/1/22,273.1834589,280.6021776,268.3442871,278.1226196,40408900,0,0
USA,NVDA,12/1/22,280.6221986,285.9012979,276.0329537,279.9422913,38341300,0,0
USA,NVDA,13/1/22,283.7416787,284.751486,264.9348845,265.7047424,54017100,0,0
USA,NVDA,14/1/22,262.9551953,271.9236684,262.0553547,269.374115,39583200,0,0
USA,NVDA,18/1/22,262.5552695,266.3346243,257.6561104,258.9858704,42427000,0,0
USA,NVDA,19/1/22,260.7455908,265.3847847,250.4773357,250.6273041,48831500,0,0
USA,NVDA,20/1/22,252.9968898,255.7464214,240.7389837,241.4588623,43518100,0,0
USA,NVDA,21/1/22,235.0299706,248.1877176,232.5903838,233.7001953,71895800,0,0
USA,NVDA,24/1/22,223.2619677,233.7601792,208.8444258,233.680191,91398200,0,0
USA,NVDA,25/1/22,225.4216037,229.3909134,219.962527,223.2019806,66461600,0,0
USA,NVDA,26/1/22,232.3604089,240.5290307,222.9620161,227.6812134,75595900,0,0
USA,NVDA,27/1/22,235.639842,239.9091188,216.7130742,219.4026184,57335300,0,0
USA,NVDA,28/1/22,220.0824958,228.5410613,212.9237271,228.361084,54377400,0,0
USA,AAPL,27/8/20,125.8005279,126.1394117,122.5254594,123.6905365,155552400,0,0
USA,AAPL,28/8/20,124.6824413,125.1079029,123.26259,123.4901657,187630000,0,0
USA,AAPL,31/8/20,126.2334048,129.6173051,124.6700798,127.6779861,225702700,0,4
USA,AAPL,1/9/20,131.3587227,133.3771991,129.1522644,132.7637329,151948100,0,0
USA,AAPL,2/9/20,136.1377602,136.5236432,125.6595392,130.013092,200119000,0,0
USA,AAPL,3/9/20,125.5704705,127.4800921,119.2281243,119.6041107,257599600,0,0
USA,AAPL,4/9/20,118.8026602,122.3943429,109.7195549,119.6832657,332607200,0,0
USA,AAPL,8/9/20,112.7472587,117.7340626,111.4906668,111.6291885,231366600,0,0
USA,AAPL,9/9/20,116.0223313,117.8824853,114.0434411,116.0816956,176940500,0,0
USA,AAPL,10/9/20,119.0895962,119.2281179,111.3125582,112.2921066,182274400,0,0
USA,AAPL,11/9/20,113.3607217,114.0137591,108.8389581,110.8178482,180860300,0,0
USA,AAPL,14/9/20,113.5091355,114.7063631,111.6094029,114.1423798,140150100,0,0
USA,AAPL,15/9/20,117.0810251,117.5757476,112.4108436,114.3204727,184642000,0,0
USA,AAPL,16/9/20,114.0137579,114.7756273,110.8574257,110.9464722,154679000,0,0
USA,AAPL,17/9/20,108.5619105,111.01573,107.5625689,109.1753616,178011000,0,0
USA,AAPL,18/9/20,109.2347247,109.7096541,104.9702118,105.7122955,287104900,0,0
USA,AAPL,21/9/20,103.4365944,109.0269609,102.011791,108.9181213,195713800,0,0
USA,AAPL,22/9/20,111.4906569,111.6687572,108.007814,110.629837,183055400,0,0
USA,AAPL,23/9/20,110.4418677,110.9266937,105.6430528,105.9893646,150718700,0,0
USA,AAPL,24/9/20,104.0599257,109.086308,103.8917219,107.0777359,167743300,0,0
USA,AAPL,25/9/20,107.2855323,111.2532092,106.5335519,111.0948944,149981400,0,0
USA,AAPL,28/9/20,113.7960802,114.1028058,111.5896144,113.7466049,137672400,0,0
USA,AAPL,29/9/20,113.3409394,114.0929122,112.3712798,112.885788,99382200,0,0
USA,AAPL,30/9/20,112.588948,116.0223234,112.4207442,114.5876236,142675200,0,0
USA,AAPL,1/10/20,116.3983082,116.4774656,114.6074152,115.5572815,116120400,0,0
USA,AAPL,2/10/20,111.6984394,114.1522662,111.0355131,111.8270645,144712000,0,0
USA,AAPL,5/10/20,112.7076811,115.4187582,112.3514803,115.27034,106243800,0,0
USA,AAPL,6/10/20,114.4787905,114.8943632,111.0652081,111.9656067,161498200,0,0
USA,AAPL,7/10/20,113.4101974,114.3303816,112.9253638,113.8653412,96849000,0,0
USA,AAPL,8/10/20,115.022981,115.1713993,113.3804987,113.7564926,83477200,0,0
USA,AAPL,9/10/20,114.0632327,115.7650795,113.7070318,115.7353973,100506900,0,0
USA,AAPL,12/10/20,118.792772,123.8587334,118.021006,123.0869675,240226800,0,0
USA,AAPL,13/10/20,123.9477766,124.0665127,118.3871003,119.8217926,262330500,0,0
USA,AAPL,14/10/20,119.7228612,121.7314336,118.3574296,119.9108582,150712000,0,0
USA,AAPL,15/10/20,117.4669195,119.9207391,116.9029361,119.4359131,112559200,0,0
USA,AAPL,16/10/20,119.9998961,120.2670505,117.5559656,117.7637482,115393800,0,0
USA,AAPL,19/10/20,118.6938234,119.1489672,114.4392144,114.7558365,120639300,0,0
USA,AAPL,20/10/20,114.9735133,117.7241769,114.4095299,116.2696915,124423700,0,0
USA,AAPL,21/10/20,115.4385582,117.4570271,115.220879,115.6364517,89946000,0,0
USA,AAPL,22/10/20,116.210305,116.7940815,113.3804919,114.5282516,101988000,0,0
USA,AAPL,23/10/20,115.1615092,115.319824,113.0737795,113.8257599,82572600,0,0
USA,AAPL,26/10/20,112.8066315,115.3198228,111.6885537,113.8356552,111850700,0,0
USA,AAPL,27/10/20,114.271001,116.0421085,113.3310313,115.3692856,92276800,0,0
USA,AAPL,28/10/20,113.8356447,114.2116311,109.9273326,110.0262756,143937800,0,0
USA,AAPL,29/10/20,111.1839387,115.6958055,111.0157273,114.1027985,146129200,0,0
USA,AAPL,30/10/20,109.8877593,110.8079434,106.5830166,107.7109833,190272600,0,0
USA,AAPL,2/11/20,107.9583406,109.5117689,106.1872332,107.6219254,122866900,0,0
USA,AAPL,3/11/20,108.5025489,110.3132277,107.5823647,109.2743149,107624400,0,0
USA,AAPL,4/11/20,112.9352539,114.3699462,111.1641464,113.736702,138235500,0,0
USA,AAPL,5/11/20,116.7050486,118.3574277,115.6364536,117.7736511,126387100,0,0
USA,AAPL,6/11/20,117.2731178,118.1453289,115.1024922,117.6398468,114457900,0.205,0
USA,AAPL,9/11/20,119.4338256,120.9106401,115.0232019,115.2908096,154515300,0,0
USA,AAPL,10/11/20,114.527619,116.5495625,113.1201774,114.9439011,138023400,0,0
USA,AAPL,11/11/20,116.1531019,118.5715076,115.4097379,118.4327469,112295000,0,0
USA,AAPL,12/11/20,118.5616266,119.4635711,117.5209138,118.1552505,103162300,0,0
USA,AAPL,13/11/20,118.3832112,118.6111719,116.8271026,118.2048035,81581900,0,0
USA,AAPL,16/11/20,117.867801,119.9194855,117.1046173,119.2355957,91183000,0,0
USA,AAPL,17/11/20,118.492229,119.6023144,117.9074454,118.3336411,74271000,0,0
USA,AAPL,18/11/20,117.5605497,118.7598428,116.9559463,116.9856796,76322100,0,0
USA,AAPL,19/11/20,116.5495659,118.0065607,115.7764686,117.5902786,74113000,0,0
USA,AAPL,20/11/20,117.5902814,117.7191285,116.2522276,116.3017807,73604300,0,0
USA,AAPL,23/11/20,116.1431971,116.5793064,112.7435453,112.842659,127959300,0,0
USA,AAPL,24/11/20,112.9021395,114.8249694,111.5938115,114.1509857,113874200,0,0
USA,AAPL,25/11/20,114.5276234,115.7170029,114.1509808,115.0033722,76499200,0,0
USA,AAPL,27/11/20,115.5385909,116.450449,115.1916892,115.5584106,46691300,0,0
USA,AAPL,30/11/20,115.9350527,119.8996608,115.7764647,117.9966507,169410200,0,0
USA,AAPL,1/12/20,119.9393166,122.3775499,118.9481645,121.6341858,127728200,0,0
USA,AAPL,2/12/20,120.9403786,122.27844,119.8203794,121.9910049,89004200,0,0
USA,AAPL,3/12/20,122.427104,122.6848056,121.1286972,121.8522415,78967600,0,0
USA,AAPL,4/12/20,121.5152443,121.772946,120.4447982,121.1683426,78260400,0,0
USA,AAPL,7/12/20,121.2278061,123.4678118,121.1683394,122.6550674,86712000,0,0
USA,AAPL,8/12/20,123.2695968,123.8742002,122.0009157,123.2795029,82225500,0,0
USA,AAPL,9/12/20,123.4281598,124.8355939,119.9293944,120.7024918,115089200,0,0
USA,AAPL,10/12/20,119.4338273,122.7740126,119.0869256,122.1495819,81312200,0,0
USA,AAPL,11/12/20,121.3467393,121.6738212,119.4833762,121.3269196,86939800,0,0
USA,AAPL,14/12/20,121.5152361,122.2586001,120.4646174,120.7024918,79184500,0,0
USA,AAPL,15/12/20,123.2398482,126.7683548,123.0317072,126.7485275,157243700,0,0
USA,AAPL,16/12/20,126.2826834,127.2341809,125.4401981,126.6791382,98208600,0,0
USA,AAPL,17/12/20,127.7595067,128.433498,126.9071152,127.5612793,94359800,0,0
USA,AAPL,18/12/20,127.8189824,127.9577431,125.0041065,125.5393295,192541500,0,0
USA,AAPL,21/12/20,123.9138386,127.1747301,122.35773,127.0954361,121251600,0,0
USA,AAPL,22/12/20,130.4455347,133.2207637,128.5028698,130.71315,168904800,0,0
USA,AAPL,23/12/20,130.9906643,131.2582645,129.6228695,129.8012848,88223700,0,0
USA,AAPL,24/12/20,130.1580797,132.2791442,129.940025,130.8023224,54930100,0,0
USA,AAPL,28/12/20,132.804483,136.1248337,132.3287191,135.4805908,124486200,0,0
USA,AAPL,29/12/20,136.8285375,137.5619803,133.1513569,133.6766663,121047300,0,0
USA,AAPL,30/12/20,134.3803779,134.7867538,132.2196588,132.5368347,96452100,0,0
USA,AAPL,31/12/20,132.8936768,133.5478408,130.5545572,131.515976,99116600,0,0
USA,AAPL,4/1/21,132.3386195,132.4278195,125.6384298,128.2649841,143301900,0,0
USA,AAPL,5/1/21,127.7496075,130.5743973,127.2936708,129.8508453,97664900,0,0
USA,AAPL,6/1/21,126.5899438,129.890482,125.2617961,125.4798508,155088000,0,0
USA,AAPL,7/1/21,127.2242654,130.4653365,126.7286894,129.7616119,109578200,0,0
USA,AAPL,8/1/21,131.2582498,131.4564923,129.0777184,130.8816223,105158200,0,0
USA,AAPL,11/1/21,128.0469318,129.0182566,127.3630345,127.8387833,100384500,0,0
USA,AAPL,12/1/21,127.3630441,128.5425175,125.7375553,127.6603928,91951100,0,0
USA,AAPL,13/1/21,127.6207292,130.2869305,127.353129,129.7318878,88636800,0,0
USA,AAPL,14/1/21,129.6426859,129.8409132,127.6207273,127.7694092,90221800,0,0
USA,AAPL,15/1/21,127.6405568,129.0678181,125.8763074,126.0150681,111598500,0,0
USA,AAPL,19/1/21,126.649414,127.5711933,125.8168498,126.6989746,90757300,0,0
USA,AAPL,20/1/21,127.5216088,131.3177224,127.4125815,130.8617859,104319500,0,0
USA,AAPL,21/1/21,132.6161374,138.4341946,132.4079888,135.6589661,120150900,0,0
USA,AAPL,22/1/21,135.0741857,138.6126054,133.8253397,137.8395081,114459400,0,0
USA,AAPL,25/1/21,141.8041384,143.8062548,135.3319013,141.6554565,157611700,0,0
USA,AAPL,26/1/21,142.3294351,143.0232385,140.1191552,141.8933258,98390600,0,0
USA,AAPL,27/1/21,142.1609282,143.0232408,139.16766,140.8030548,140843800,0,0
USA,AAPL,28/1/21,138.2855367,140.7336835,135.4904807,135.8770294,142621100,0,0
USA,AAPL,29/1/21,134.6281727,135.5301246,129.0579035,130.7924194,177523800,0,0
USA,AAPL,1/2/21,132.5665916,134.1821743,129.7715354,132.9531403,106239800,0,0
USA,AAPL,2/2/21,134.529082,135.1039521,133.4189964,133.795639,83305400,0,0
USA,AAPL,3/2/21,134.5587868,134.568708,132.4278161,132.7548981,89880900,0,0
USA,AAPL,4/2/21,135.0940254,136.1842835,133.3991487,136.1743774,84183100,0,0
USA,AAPL,5/2/21,136.3381675,136.4076439,134.8591387,135.7525024,75693800,0.205,0
USA,AAPL,8/2/21,135.0278758,135.9510324,133.9260524,135.9013977,71297200,0,0
USA,AAPL,9/2/21,135.6135329,136.8642604,134.8492163,135.0080261,76774200,0,0
USA,AAPL,10/2/21,135.4745598,135.9808124,133.4098812,134.3925934,73046600,0,0
USA,AAPL,11/2/21,134.8988381,135.3852338,132.7845398,134.1345215,64280000,0,0
USA,AAPL,12/2/21,133.3602668,134.5315666,132.7051253,134.3727417,60145100,0,0
USA,AAPL,16/2/21,134.4918914,135.0080498,131.8117694,132.2088318,80576300,0,0
USA,AAPL,17/2/21,130.2830971,131.2459524,128.5162114,129.8761139,97918500,0,0
USA,AAPL,18/2/21,128.248203,129.0423125,126.4713962,128.7544556,96856700,0,0
USA,AAPL,19/2/21,129.2805383,129.7470771,127.8511443,128.9132538,87668800,0,0
USA,AAPL,22/2/21,127.0669723,128.7643817,124.6747302,125.071785,103916400,0,0
USA,AAPL,23/2/21,122.8482873,125.7765523,117.5178443,124.9328156,158273000,0,0
USA,AAPL,24/2/21,124.0195914,124.6350191,121.3295564,124.4265671,111039900,0,0
USA,AAPL,25/2/21,123.7614972,125.5283829,119.6519967,120.0986786,148199500,0,0
USA,AAPL,26/2/21,121.6869033,123.9302565,120.3071437,120.3667068,164560400,0,0
USA,AAPL,1/3/21,122.8383631,126.9875703,121.8854361,126.8486023,116307900,0,0
USA,AAPL,2/3/21,127.4640291,127.771743,124.0890748,124.1982651,102260900,0,0
USA,AAPL,3/3/21,123.8905382,124.7839095,120.9424166,121.1607971,112966300,0,0
USA,AAPL,4/3/21,120.8530864,122.6894563,117.7461474,119.245018,178155000,0,0
USA,AAPL,5/3/21,120.0887517,121.0416785,116.7038693,120.5255051,153766600,0,0
USA,AAPL,8/3/21,120.0391255,120.1086095,115.3538959,115.5027924,154376600,0,0
USA,AAPL,9/3/21,118.1531228,121.1608,117.9148929,120.1979446,129525800,0,0
USA,AAPL,10/3/21,120.7935399,121.2699996,118.570036,119.096138,111943300,0,0
USA,AAPL,11/3/21,121.6372677,122.3023301,120.3666985,121.0615387,103026500,0,0
USA,AAPL,12/3/21,119.5130334,120.2773576,118.2821704,120.1383896,88105100,0,0
USA,AAPL,15/3/21,120.5155961,123.0865123,119.5328838,123.0765839,92403800,0,0
USA,AAPL,16/3/21,124.7739828,126.2827894,123.8012066,124.6449432,115227900,0,0
USA,AAPL,17/3/21,123.1361432,124.9328068,121.4387339,123.8409119,111932600,0,0
USA,AAPL,18/3/21,121.9747532,122.2725462,119.4336149,119.642067,121229700,0,0
USA,AAPL,19/3/21,119.0167229,120.5354505,118.7983423,119.1060562,185549500,0,0
USA,AAPL,22/3/21,119.4435553,122.9574777,119.3740712,122.4810104,111912300,0,0
USA,AAPL,23/3/21,122.4214492,123.3247414,121.2402133,121.6372681,95467100,0,0
USA,AAPL,24/3/21,121.9152065,121.994619,119.1854653,119.2053146,88530500,0,0
USA,AAPL,25/3/21,118.6593618,120.7637467,118.123339,119.701622,98844700,0,0
USA,AAPL,26/3/21,119.4633897,120.5850699,118.0439241,120.3170547,94071200,0,0
USA,AAPL,29/3/21,120.7538219,121.676971,119.8406012,120.4957352,80819200,0,0
USA,AAPL,30/3/21,119.2251681,119.5130326,117.9843766,119.016716,85671900,0,0
USA,AAPL,31/3/21,120.7538284,122.6100476,120.2575118,121.250145,118323800,0,0
USA,AAPL,1/4/21,122.7490136,123.2651794,121.5876271,122.0938721,75089100,0,0
USA,AAPL,5/4/21,122.9574823,125.2306133,122.1633727,124.9725266,88651200,0,0
USA,AAPL,6/4/21,125.5680998,126.193456,124.7243631,125.2802353,80171300,0,0
USA,AAPL,7/4/21,124.9030437,126.9776435,124.2181243,126.9577942,83466700,0,0
USA,AAPL,8/4/21,128.0000418,129.429436,127.5732168,129.3996582,88844600,0,0
USA,AAPL,9/4/21,128.8437946,132.0599166,128.5162239,132.0202179,106686700,0,0
USA,AAPL,12/4/21,131.5437473,131.8713181,129.6676713,130.2731781,91420000,0,0
USA,AAPL,13/4/21,131.4643515,133.6679986,130.9580989,133.439682,91266500,0,0
USA,AAPL,14/4/21,133.945924,134.0054795,130.6900884,131.0573578,87222800,0,0
USA,AAPL,15/4/21,132.834172,134.0054718,132.6554902,133.5091553,89347100,0,0
USA,AAPL,16/4/21,133.3106294,133.6778988,132.2981394,133.1716614,84922400,0,0
USA,AAPL,19/4/21,132.5264604,134.4720282,132.3577145,133.8466644,94264200,0,0
USA,AAPL,20/4/21,134.0253429,134.5315804,130.8389836,132.1294098,94812300,0,0
USA,AAPL,21/4/21,131.3849241,132.7646836,130.3327354,132.5165253,68847100,0,0
USA,AAPL,22/4/21,132.0599203,133.1617438,130.4419384,130.9680328,84566500,0,0
USA,AAPL,23/4/21,131.1863989,134.1245845,131.1863989,133.3304901,78657500,0,0
USA,AAPL,26/4/21,133.8367293,134.0650307,132.576081,133.7275391,66905100,0,0
USA,AAPL,27/4/21,134.0153911,134.4124534,133.1220273,133.3999634,66015800,0,0
USA,AAPL,28/4/21,133.3205499,134.0253261,132.0996155,132.595932,107760100,0,0
USA,AAPL,29/4/21,135.4646523,136.0602382,131.4742626,132.4966736,151101000,0,0
USA,AAPL,30/4/21,130.8091966,132.5760824,130.1044356,130.4915619,109839500,0,0
USA,AAPL,3/5/21,131.067282,133.0823414,130.8588375,131.5635986,75135100,0,0
USA,AAPL,4/5/21,130.2235406,130.5213336,125.7666125,126.9081421,137564700,0,0
USA,AAPL,5/5/21,128.2481984,129.4889898,127.0272639,127.156311,84000900,0,0
USA,AAPL,6/5/21,126.9478481,128.7941463,126.1934449,128.7842255,78128300,0,0
USA,AAPL,7/5/21,130.1066701,130.5143294,128.7444425,129.4703064,78973300,0.22,0
USA,AAPL,10/5/21,128.674857,128.8041081,126.0896209,126.1293945,88071200,0,0
USA,AAPL,11/5/21,122.7984273,125.5526882,122.0725709,125.1947403,126142800,0,0
USA,AAPL,12/5/21,122.6989968,123.9319505,121.5555281,122.0725708,112172300,0,0
USA,AAPL,13/5/21,123.8722945,125.4333755,123.5541127,124.2600784,105861300,0,0
USA,AAPL,14/5/21,125.5327951,127.1634779,125.1350659,126.725975,81918000,0,0
USA,AAPL,17/5/21,126.0995596,126.2089353,124.4589314,125.552681,74244600,0,0
USA,AAPL,18/5/21,125.8410397,126.2685973,124.0711527,124.1407547,63342900,0,0
USA,AAPL,19/5/21,122.4603594,124.2103557,122.1620606,123.9816666,92612000,0,0
USA,AAPL,20/5/21,124.518606,126.9944589,124.3893397,126.5867844,76857100,0,0
USA,AAPL,21/5/21,127.093883,127.2728607,124.4987092,124.7174606,79295400,0,0
USA,AAPL,24/5/21,125.2941711,127.2132076,125.2245691,126.3779755,63092900,0,0
USA,AAPL,25/5/21,127.0938872,127.5910544,125.6024083,126.1791153,72009500,0,0
USA,AAPL,26/5/21,126.2387703,126.6663278,125.701837,126.1293945,56575900,0,0
USA,AAPL,27/5/21,125.7217276,126.9149076,124.3694528,124.5683136,94625600,0,0
USA,AAPL,28/5/21,124.8566681,125.0853648,123.8424658,123.9021225,71311100,0,0
USA,AAPL,1/6/21,124.3694559,124.6379188,123.2359326,123.5739975,67637100,0,0
USA,AAPL,2/6/21,123.5739958,124.5285414,123.3453066,124.3495636,59278900,0,0
USA,AAPL,3/6/21,123.9717268,124.1407592,122.4305289,122.8382034,76229200,0,0
USA,AAPL,4/6/21,123.3651897,125.4433209,123.1464383,125.1748505,75169300,0,0
USA,AAPL,7/6/21,125.4532544,125.6024038,124.1208703,125.1847916,71057600,0,0
USA,AAPL,8/6/21,125.8808154,127.7302574,125.4930315,126.0200195,74403800,0,0
USA,AAPL,9/6/21,126.4873461,127.0242794,125.8012634,126.4077988,56877900,0,0
USA,AAPL,10/6/21,126.298427,127.4617863,125.224568,125.3936005,71186400,0,0
USA,AAPL,11/6/21,125.8112073,126.7160414,125.3836498,126.6265488,53522400,0,0
USA,AAPL,14/6/21,127.0938694,129.798411,126.34813,129.7387543,96906500,0,0
USA,AAPL,15/6/21,129.2018327,129.858087,128.6549541,128.9035339,62746300,0,0
USA,AAPL,16/6/21,129.629396,130.1464462,127.7302577,129.4106445,91815000,0,0
USA,AAPL,17/6/21,129.0626353,131.7970131,128.9134783,131.0413208,96721700,0,0
USA,AAPL,18/6/21,129.9674671,130.7629103,129.5001359,129.7188873,108953300,0,0
USA,AAPL,21/6/21,129.559793,131.6578071,128.4759888,131.5484314,79663300,0,0
USA,AAPL,22/6/21,131.3793908,133.3183101,130.8722783,133.2188721,74783600,0,0
USA,AAPL,23/6/21,133.0101004,133.556979,132.4731594,132.9404907,60214200,0,0
USA,AAPL,24/6/21,133.6862154,133.8751385,132.174846,132.6521301,68711000,0,0
USA,AAPL,25/6/21,132.7018692,133.1294192,132.0555525,132.3538513,70783700,0,0
USA,AAPL,28/6/21,132.6521308,134.4816745,132.5924741,134.0143433,62111300,0,0
USA,AAPL,29/6/21,134.0342197,135.7146214,133.5867791,135.5555267,64556100,0,0
USA,AAPL,30/6/21,135.3964556,136.629417,135.0981568,136.1819763,63261400,0,0
USA,AAPL,1/7/21,135.8240118,136.5498606,134.9887721,136.4902039,52485800,0,0
USA,AAPL,2/7/21,137.1166218,139.2046983,136.96748,139.1649323,78852600,0,0
USA,AAPL,6/7/21,139.2743068,142.3367968,139.2743068,141.2132263,108181800,0,0
USA,AAPL,7/7/21,142.7245708,144.0669078,141.8495802,143.7487335,104911600,0,0
USA,AAPL,8/7/21,140.7757113,143.2416186,139.8708772,142.4262848,105575500,0,0
USA,AAPL,9/7/21,141.9390809,144.8226008,141.8396429,144.285675,99890800,0,0
USA,AAPL,12/7/21,145.3794154,145.4887911,143.1819633,143.6791229,76299700,0,0
USA,AAPL,13/7/21,143.211798,146.6223209,142.8140764,144.8126526,100827100,0,0
USA,AAPL,14/7/21,147.2586808,148.7203313,146.8410534,148.3027039,127050800,0,0
USA,AAPL,15/7/21,148.3922127,149.1478899,146.2544172,147.6365204,106820300,0,0
USA,AAPL,16/7/21,147.6166281,148.9092308,145.0512828,145.5583801,93251400,0,0
USA,AAPL,19/7/21,142.9333803,143.2515697,140.8651946,141.6407623,121434600,0,0
USA,AAPL,20/7/21,142.645042,146.2643633,142.1478824,145.3197479,96350000,0,0
USA,AAPL,21/7/21,144.7032715,145.2998691,143.8083903,144.5740051,74993500,0,0
USA,AAPL,22/7/21,145.1109341,147.3580899,144.9816678,145.9660492,77338200,0,0
USA,AAPL,23/7/21,146.7117923,147.8751439,146.0853664,147.7160492,71447400,0,0
USA,AAPL,26/7/21,147.4277047,148.9788402,146.8609355,148.1436157,72434100,0,0
USA,AAPL,27/7/21,148.2728745,148.3623748,144.7231629,145.9362335,104818600,0,0
USA,AAPL,28/7/21,143.9873549,146.1350879,141.7302462,144.1563873,118931200,0,0
USA,AAPL,29/7/21,143.8680524,145.7174867,143.7586766,144.8126526,56699500,0,0
USA,AAPL,30/7/21,143.5598144,145.4987338,143.2913439,145.0314026,70440600,0,0
USA,AAPL,2/8/21,145.528584,146.1152288,144.4248889,144.6933594,62880000,0,0
USA,AAPL,3/8/21,144.9816752,147.1990027,144.3552493,146.5228729,64786600,0,0
USA,AAPL,4/8/21,146.4334086,146.9504437,145.449027,146.1152191,56368300,0,0
USA,AAPL,5/8/21,146.1450468,147.000162,145.3396505,146.2245941,46397700,0,0
USA,AAPL,6/8/21,145.7366382,146.4934474,145.0196545,145.5275116,54126800,0.22,0
USA,AAPL,9/8/21,145.5872618,146.0851662,144.910119,145.4777222,48908700,0,0
USA,AAPL,10/8/21,145.8262678,147.0909494,144.6910461,144.9897919,69023100,0,0
USA,AAPL,11/8/21,145.4378939,146.105084,144.920069,145.2486877,48493500,0,0
USA,AAPL,12/8/21,145.5773251,148.4253396,145.2287859,148.2660065,72282600,0,0
USA,AAPL,13/8/21,148.3456681,148.8136996,147.6486049,148.4751282,59375000,0,0
USA,AAPL,16/8/21,147.9174596,150.5563625,145.8561429,150.4866486,103296000,0,0
USA,AAPL,17/8/21,149.6003878,151.0443079,148.4651661,149.5605621,92229700,0,0
USA,AAPL,18/8/21,149.1721825,150.0883249,145.5374707,145.7465973,86326000,0,0
USA,AAPL,19/8/21,144.4221754,147.3797293,143.8943978,146.0851746,86960300,0,0
USA,AAPL,20/8/21,146.8220825,147.8776376,146.1648449,147.5689392,60549600,0,0
USA,AAPL,23/8/21,147.6884388,149.5605647,147.2702008,149.0825806,60131800,0,0
USA,AAPL,24/8/21,148.8236495,150.2277438,148.5249037,148.9929352,48606400,0,0
USA,AAPL,25/8/21,149.1821248,149.689997,147.1805544,147.738205,58991300,0,0
USA,AAPL,26/8/21,147.7282641,148.4950261,146.8917731,146.9216461,48597200,0,0
USA,AAPL,27/8/21,146.8619023,148.1265839,146.2146325,147.9772186,55802400,0,0
USA,AAPL,30/8/21,148.3755432,152.8467312,147.9871783,152.4782715,90956700,0,0
USA,AAPL,31/8/21,152.0202031,152.1596157,150.6559344,151.1936798,86453100,0,0
USA,AAPL,1/9/21,152.1894853,154.3304684,151.7015334,151.8708191,80313700,0,0
USA,AAPL,2/9/21,153.2251217,154.0715654,151.7612813,153.0060425,71115500,0,0
USA,AAPL,3/9/21,153.1155902,153.9819544,152.4484,153.6533356,57808700,0,0
USA,AAPL,7/9/21,154.3205324,156.6009285,153.7429613,156.0333252,82278300,0,0
USA,AAPL,8/9/21,156.3220883,156.3818344,153.3346614,154.4599304,74420200,0,0
USA,AAPL,9/9/21,154.8383481,155.4557448,153.3047937,153.4243011,57305700,0,0
USA,AAPL,10/9/21,154.350384,154.828368,148.0767847,148.3456573,140893200,0,0
USA,AAPL,13/9/21,149.9987085,150.7853909,148.1265828,148.923233,102404300,0,0
USA,AAPL,14/9/21,149.7198713,150.4368549,146.2942863,147.4992065,109296300,0,0
USA,AAPL,15/9/21,147.9373641,148.8136808,145.7565403,148.4053955,83281300,0,0
USA,AAPL,16/9/21,147.8178731,148.3456506,146.602985,148.1663971,68034100,0,0
USA,AAPL,17/9/21,148.1963033,148.1963033,145.149115,145.4478607,129868800,0,0
USA,AAPL,20/9/21,143.1973387,144.2329734,140.6779432,142.3409424,123478900,0,0
USA,AAPL,21/9/21,143.3267772,143.9939825,142.1816029,142.8288727,75834000,0,0
USA,AAPL,22/9/21,143.8445974,145.8162948,143.0977407,145.238739,76404300,0,0
USA,AAPL,23/9/21,146.0353919,146.4635976,145.0296302,146.2146454,64838200,0,0
USA,AAPL,24/9/21,145.0495312,146.8519429,144.9499443,146.304245,53477900,0,0
USA,AAPL,27/9/21,144.8603292,145.348281,143.2172505,144.7607422,74150700,0,0
USA,AAPL,28/9/21,142.6496269,144.1433403,141.0961674,141.3152466,108972300,0,0
USA,AAPL,29/9/21,141.8729229,143.8446207,141.4347645,142.2314148,74602000,0,0
USA,AAPL,30/9/21,143.0579182,143.7749018,140.687888,140.9069672,89056700,0,0
USA,AAPL,1/10/21,141.3052978,142.3210272,138.5269972,142.0521545,94639600,0,0
USA,AAPL,4/10/21,141.1658688,141.613995,137.6905053,138.5568542,98322000,0,0
USA,AAPL,5/10/21,138.9054099,141.6438848,138.7759499,140.5186157,80861100,0,0
USA,AAPL,6/10/21,138.8854812,141.554242,137.7900852,141.4048767,83221100,0,0
USA,AAPL,7/10/21,142.4604213,143.6155633,142.1218499,142.6894531,61732700,0,0
USA,AAPL,8/10/21,143.4263707,143.575736,141.9625303,142.3011017,58773200,0,0
USA,AAPL,11/10/21,141.6737414,144.2030894,141.2156626,142.2114716,64452200,0,0
USA,AAPL,12/10/21,142.6297239,142.6496443,140.4488997,140.9169312,73035900,0,0
USA,AAPL,13/10/21,140.6480768,140.8073947,138.6166178,140.319458,78762700,0,0
USA,AAPL,14/10/21,141.5144073,143.2769934,140.9169159,143.157486,69907100,0,0
USA,AAPL,15/10/21,143.1674635,144.2927173,142.9085434,144.2329712,67940300,0,0
USA,AAPL,18/10/21,142.8487924,146.2245842,142.5600145,145.9358063,85589200,0,0
USA,AAPL,19/10/21,146.39387,148.544821,145.9358063,148.1365356,76378900,0,0
USA,AAPL,20/10/21,148.0767946,149.1223971,147.4992235,148.6344452,58418800,0,0
USA,AAPL,21/10/21,148.1863255,149.0128487,147.2502626,148.8535156,61421000,0,0
USA,AAPL,22/10/21,149.0626578,149.5505945,148.0170553,148.0668488,58883400,0,0
USA,AAPL,25/10/21,148.0568697,148.7439804,147.0013147,148.0170441,50720600,0,0
USA,AAPL,26/10/21,148.7041512,150.2078173,148.3854851,148.6941986,60893400,0,0
USA,AAPL,27/10/21,148.7340229,149.1024673,147.8676739,148.2261658,56094900,0,0
USA,AAPL,28/10/21,149.192113,152.5280641,149.092526,151.9305878,100077900,0,0
USA,AAPL,29/10/21,146.6029913,149.3115928,145.7963885,149.1721802,124953200,0,0
USA,AAPL,1/11/21,148.3655817,149.0725975,147.1805666,148.3357086,74588300,0,0
USA,AAPL,2/11/21,148.0369651,150.9347728,148.0269972,149.3912659,69122000,0,0
USA,AAPL,3/11/21,149.7597218,151.3331019,149.1921185,150.8551178,54511500,0,0
USA,AAPL,4/11/21,150.9447283,151.7911568,150.0086654,150.3273315,60394600,0,0
USA,AAPL,5/11/21,151.4741754,151.7833242,149.6491835,150.8658447,65463900,0.22,0
USA,AAPL,8/11/21,150.9954982,151.1550638,149.7489202,150.0281525,55020900,0,0
USA,AAPL,9/11/21,149.7887946,151.015423,149.6491785,150.3971252,56787900,0,0
USA,AAPL,10/11/21,149.6093022,149.7190017,147.4452447,147.5150452,65187100,0,0
USA,AAPL,11/11/21,148.552207,149.0209063,147.2756972,147.4651794,41000000,0,0
USA,AAPL,12/11/21,148.0236343,149.9882422,147.0762381,149.5793762,63804000,0,0
USA,AAPL,15/11/21,149.9583224,151.4641981,149.0208934,149.5893402,59222800,0,0
USA,AAPL,16/11/21,149.5295133,151.0752729,148.9311498,150.5866089,59256200,0,0
USA,AAPL,17/11/21,150.5866051,154.5756543,150.576638,153.0697937,88807000,0,0
USA,AAPL,18/11/21,153.2891904,158.2356028,152.6309937,157.4377899,137827700,0,0
USA,AAPL,19/11/21,157.2184037,160.5791882,156.1014747,160.1104736,117305600,0,0
USA,AAPL,22/11/21,161.2373594,165.2463581,160.5592283,160.5791779,117467900,0,0
USA,AAPL,23/11/21,160.6788945,161.3570408,158.6245367,160.9681091,96041900,0,0
USA,AAPL,24/11/21,160.3099289,161.696123,159.202967,161.4966736,69463600,0,0
USA,AAPL,26/11/21,159.1331606,160.0107411,155.9319418,156.3807068,76959800,0,0
USA,AAPL,29/11/21,158.9336868,160.7487114,158.3552728,159.8013153,88748200,0,0
USA,AAPL,30/11/21,159.5520124,165.0668721,159.4821967,164.8474731,174048100,0,0
USA,AAPL,1/12/21,167.0214964,169.8337836,164.0795755,164.318924,152052500,0,0
USA,AAPL,2/12/21,158.30543,163.7504739,157.368001,163.311676,136739200,0,0
USA,AAPL,3/12/21,163.5709666,164.5083956,159.2827357,161.3969269,118023100,0,0
USA,AAPL,6/12/21,163.8402222,167.4204055,163.830255,164.8674164,107497000,0,0
USA,AAPL,7/12/21,168.6171078,171.1102635,167.8791283,170.7113495,120405400,0,0
USA,AAPL,8/12/21,171.6587719,175.4782885,170.2326788,174.6006927,116998900,0,0
USA,AAPL,9/12/21,174.4311554,176.2661145,173.4438603,174.0821075,108923700,0,0
USA,AAPL,10/12/21,174.7303424,179.1382401,174.2117617,178.958725,115402700,0,0
USA,AAPL,13/12/21,180.6241414,181.6313861,175.0494488,175.2588806,153237000,0,0
USA,AAPL,14/12/21,174.7702322,177.2534211,171.7385613,173.8527527,139380400,0,0
USA,AAPL,15/12/21,174.6306114,179.0085925,171.8382737,178.8091431,131063300,0,0
USA,AAPL,16/12/21,178.7891923,180.6441009,170.2825457,171.7884064,150185800,0,0
USA,AAPL,17/12/21,169.4647841,172.9951014,169.2254509,170.6714783,195432700,0,0
USA,AAPL,20/12/21,167.8193015,170.1130079,167.0015543,169.2852783,107499100,0,0
USA,AAPL,21/12/21,171.0903103,172.7258198,168.6569879,172.5164032,91185900,0,0
USA,AAPL,22/12/21,172.5662611,175.3785481,171.6786983,175.1591492,92135300,0,0
USA,AAPL,23/12/21,175.3685935,176.3658559,174.7901795,175.7974091,68356600,0,0
USA,AAPL,27/12/21,176.6051835,179.9260689,176.5852492,179.836319,74919600,0,0
USA,AAPL,28/12/21,179.6667771,180.8335721,178.0412347,178.7991486,79144300,0,0
USA,AAPL,29/12/21,178.8390499,180.1354939,177.6523053,178.888916,62348900,0,0
USA,AAPL,30/12/21,178.9786704,180.075665,177.6024435,177.7121429,59773000,0,0
USA,AAPL,31/12/21,177.602443,178.7393215,176.7747135,177.0838776,64062300,0,0
USA,AAPL,3/1/22,177.3431544,182.379332,177.2234878,181.5117035,104487900,0,0
USA,AAPL,4/1/22,182.1300249,182.4391738,178.6296244,179.2080383,99310400,0,0
USA,AAPL,5/1/22,179.1182789,179.6767433,174.1618841,174.4411163,94537600,0,0
USA,AAPL,6/1/22,172.2272096,174.8200979,171.170114,171.529129,96904000,0,0
USA,AAPL,7/1/22,172.4166843,173.6632622,170.5617757,171.6986542,86709100,0,0
USA,AAPL,10/1/22,168.6171111,172.0277463,167.7095987,171.7185974,106765600,0,0
USA,AAPL,11/1/22,171.8482542,174.7004099,170.3523606,174.6006927,76138300,0,0
USA,AAPL,12/1/22,175.6378349,176.6949305,174.341406,175.0494537,74805200,0,0
USA,AAPL,13/1/22,175.2987654,176.1364621,171.3196834,171.7185974,84505800,0,0
USA,AAPL,14/1/22,170.8709318,173.3042544,170.6216162,172.5962067,80440800,0,0
USA,AAPL,18/1/22,171.0404541,172.067633,168.9462123,169.335144,90956700,0,0
USA,AAPL,19/1/22,169.534601,170.6116461,165.4857182,165.7749176,94815000,0,0
USA,AAPL,20/1/22,166.5228552,169.2154604,163.7305177,164.0596161,91420500,0,0
USA,AAPL,21/1/22,163.9698696,165.8746443,161.8556783,161.9653778,122848900,0,0
USA,AAPL,24/1/22,159.5819103,161.855667,154.2764678,161.1775208,162294600,0,0
USA,AAPL,25/1/22,158.5447622,162.3144126,156.5901365,159.3425751,115798400,0,0
USA,AAPL,26/1/22,163.0523899,163.9399528,157.3879472,159.2528229,108275300,0,0
USA,AAPL,27/1/22,162.0052719,163.391466,157.8466896,158.7841187,121954600,0,0
USA,AAPL,28/1/22,165.2563462,169.8836427,162.3543092,169.8636932,179935700,0,0
USA,MSFT,27/8/20,220.0051268,228.1582119,216.5602925,223.6473694,57602200,0,0
USA,MSFT,28/8/20,225.226627,227.6547935,223.647345,225.9471893,26292900,0,0
USA,MSFT,31/8/20,224.0619215,225.7399153,221.406736,222.6109467,28774200,0,0
USA,MSFT,1/9/20,222.5911852,224.5060779,221.525162,224.3284149,25725500,0,0
USA,MSFT,2/9/20,225.0193561,229.8460636,224.4073856,228.6517181,34080800,0,0
USA,MSFT,3/9/20,226.3025451,226.3420208,212.1777629,214.4874725,58400300,0,0
USA,MSFT,4/9/20,212.315979,215.5337796,202.53424,211.4769745,59664100,0,0
USA,MSFT,8/9/20,203.8272517,207.3115614,199.582904,200.0369568,52924300,0,0
USA,MSFT,9/9/20,204.9130396,212.0593227,204.0246793,208.5552673,45679000,0,0
USA,MSFT,10/9/20,210.6379339,211.9606016,201.468182,202.7118683,35461500,0,0
USA,MSFT,11/9/20,204.5182053,205.9297046,198.6353541,201.3892365,33620100,0,0
USA,MSFT,14/9/20,201.5965185,206.4923125,201.3892299,202.7513733,30375800,0,0
USA,MSFT,15/9/20,205.7224024,207.0648005,204.2516822,206.0777435,21823900,0,0
USA,MSFT,16/9/20,207.8939259,207.9235364,201.9913297,202.3960266,26328100,0,0
USA,MSFT,17/9/20,197.4607235,201.6853256,197.371892,200.2837067,34011300,0,0
USA,MSFT,18/9/20,200.1751364,201.0141257,193.7099108,197.7963257,55225300,0,0
USA,MSFT,21/9/20,194.6377573,200.0863157,193.8382436,199.9185028,39839700,0,0
USA,MSFT,22/9/20,202.4058815,205.4065428,199.4644562,204.7353363,33517100,0,0
USA,MSFT,23/9/20,205.2091276,205.406551,197.4409944,197.9937439,30803800,0,0
USA,MSFT,24/9/20,197.2633078,202.9092739,196.6217118,200.5600739,31202500,0,0
USA,MSFT,25/9/20,200.9154505,206.3343836,199.9185133,205.130188,29437300,0,0
USA,MSFT,28/9/20,208.1505666,209.8186952,205.3670589,206.7292023,32004900,0,0
USA,MSFT,29/9/20,206.6403682,207.3510504,204.1332352,204.5774078,24221900,0,0
USA,MSFT,30/9/20,205.0413273,209.2363191,203.8667272,207.6076813,33829100,0,0
USA,MSFT,1/10/20,210.7267809,211.2203094,208.5848693,209.7101135,27158400,0,0
USA,MSFT,2/10/20,205.307826,208.2591314,202.8796595,203.5212555,33154800,0,0
USA,MSFT,5/10/20,204.5379399,207.686654,204.3010408,207.6570435,21331600,0,0
USA,MSFT,6/10/20,206.1172275,207.4596104,202.1689999,203.2448883,28554300,0,0
USA,MSFT,7/10/20,204.3799992,207.3905257,204.0444034,207.114151,25681100,0,0
USA,MSFT,8/10/20,207.7853452,208.4565517,205.6237032,207.8544464,19925800,0,0
USA,MSFT,9/10/20,208.4960167,213.0660947,208.4960167,213.0167389,26458000,0,0
USA,MSFT,12/10/20,215.9581591,220.9625445,214.0037908,218.5343781,40461400,0,0
USA,MSFT,13/10/20,219.8373223,222.2950995,217.5769535,219.9755096,28950800,0,0
USA,MSFT,14/10/20,220.1136897,221.3179004,216.2937843,218.0013885,23421700,0,0
USA,MSFT,15/10/20,214.2900618,217.5078619,213.2141583,216.816925,22733100,0,0
USA,MSFT,16/10/20,217.3005733,219.4128745,216.4813293,216.816925,26057900,0,0
USA,MSFT,19/10/20,217.5670763,219.4227481,210.9537982,211.4473267,27625800,0,0
USA,MSFT,20/10/20,213.0068896,214.5565612,210.3319587,211.8717651,22753500,0,0
USA,MSFT,21/10/20,210.3615729,214.1123923,210.3615729,212.0198364,22724900,0,0
USA,MSFT,22/10/20,211.1610766,213.2635126,208.9599439,212.1086578,22351500,0,0
USA,MSFT,23/10/20,212.2468397,213.4806608,210.4010481,213.4313049,18879600,0,0
USA,MSFT,26/10/20,211.0821404,213.5399026,205.4065628,207.3609314,37111600,0,0
USA,MSFT,27/10/20,208.8513654,211.8915024,207.6076791,210.4898834,36700300,0,0
USA,MSFT,28/10/20,204.9821058,206.1369606,199.4842067,200.0566864,51195600,0,0
USA,MSFT,29/10/20,201.428701,204.6761115,200.7377492,202.070282,31432600,0,0
USA,MSFT,30/10/20,200.8660784,201.6458467,197.0362928,199.849411,36953700,0,0
USA,MSFT,2/11/20,201.6458351,202.6230268,197.5298099,199.7112122,30842200,0,0
USA,MSFT,3/11/20,201.2510454,205.4262921,200.4910073,203.7581635,27512000,0,0
USA,MSFT,4/11/20,211.2499286,215.4942764,209.6706314,213.5892487,42311800,0,0
USA,MSFT,5/11/20,219.1661117,221.2191919,218.2876317,220.3999329,36080100,0,0
USA,MSFT,6/11/20,219.3832616,221.4560872,215.2080152,220.8243713,25231900,0,0
USA,MSFT,9/11/20,221.5350674,225.1674298,215.0599761,215.5633698,44395000,0,0
USA,MSFT,10/11/20,211.7236881,213.6978017,207.0055577,208.2788544,44045100,0,0
USA,MSFT,11/11/20,209.6410018,215.2178669,209.4534586,213.7471619,29440800,0,0
USA,MSFT,12/11/20,214.3986145,216.2740164,211.6842083,212.6515198,21593900,0,0
USA,MSFT,13/11/20,213.5596349,214.6059128,211.3881127,213.7076874,18621100,0,0
USA,MSFT,16/11/20,212.0889106,214.9217741,211.7434497,214.4183655,24953300,0,0
USA,MSFT,17/11/20,213.302992,214.8625286,211.3091329,211.6842194,24154100,0,0
USA,MSFT,18/11/20,211.4368177,212.9410764,208.7449926,208.8934479,28372800,0.56,0
USA,MSFT,19/11/20,209.1903386,210.8232404,207.755347,210.2195587,24792700,0,0
USA,MSFT,20/11/20,210.0018345,211.0805396,207.8246271,208.2105865,22843100,0,0
USA,MSFT,23/11/20,208.7647665,210.0908818,206.0036747,207.9334717,25683500,0,0
USA,MSFT,24/11/20,207.4188515,212.0305822,206.6964179,211.6446228,33979700,0,0
USA,MSFT,25/11/20,212.8817014,213.0598296,210.2591585,211.654541,21012900,0,0
USA,MSFT,27/11/20,212.6244044,214.029693,211.8227824,213.0004578,14512200,0,0
USA,MSFT,30/11/20,211.8821661,212.5353177,208.6559264,211.852478,33064800,0,0
USA,MSFT,1/12/20,212.2878893,215.0687933,211.1399172,213.9702911,30904500,0,0
USA,MSFT,2/12/20,212.6540931,213.2379777,210.5956377,213.1390076,23724500,0,0
USA,MSFT,3/12/20,212.3868685,214.1385374,211.4368065,212.0207062,25120900,0,0
USA,MSFT,4/12/20,212.0009162,213.1489035,210.971681,212.1394653,24666000,0,0
USA,MSFT,7/12/20,212.1493483,213.3072265,210.7836539,212.0701752,24620000,0,0
USA,MSFT,8/12/20,211.7534931,214.7026191,210.6846789,213.7723541,23284100,0,0
USA,MSFT,9/12/20,212.9311822,213.0004493,209.0221029,209.6059875,32440600,0,0
USA,MSFT,10/12/20,209.5763,210.8727275,208.1809025,208.3392487,26733300,0,0
USA,MSFT,11/12/20,207.874118,211.1102487,206.943853,211.0508575,30979400,0,0
USA,MSFT,14/12/20,210.8925135,213.9702978,210.6747913,211.9811096,28798400,0,0
USA,MSFT,15/12/20,212.9410854,213.1884957,210.0414441,211.9118652,27000600,0,0
USA,MSFT,16/12/20,212.5254112,217.8298878,212.4957232,217.0084839,35023300,0,0
USA,MSFT,17/12/20,217.5923844,218.6018226,215.6625873,217.147049,32515800,0,0
USA,MSFT,18/12/20,216.3256378,217.414249,213.7822681,216.3256378,63354900,0,0
USA,MSFT,21/12/20,215.2964257,221.6796078,215.0292183,220.2842102,37181900,0,0
USA,MSFT,22/12/20,220.3831727,223.2927198,219.5518778,221.620224,22612200,0,0
USA,MSFT,23/12/20,220.7988149,221.2441504,218.5127465,218.7304688,18699600,0,0
USA,MSFT,24/12/20,219.1263262,221.2936426,218.908604,220.4425507,10550600,0,0
USA,MSFT,28/12/20,222.1249273,223.688562,220.7097479,222.6296539,17933500,0,0
USA,MSFT,29/12/20,223.9656771,224.8266601,221.2639611,221.8280487,17403200,0,0
USA,MSFT,30/12/20,222.89685,223.2927155,219.1758051,219.3836212,20272300,0,0
USA,MSFT,31/12/20,219.403424,220.6899604,217.4043448,220.1159668,20942100,0,0
USA,MSFT,4/1/21,220.2248262,220.6899587,212.5847959,215.434967,37130100,0,0
USA,MSFT,5/1/21,215.009422,216.2563795,213.4655843,215.6427917,23823000,0,0
USA,MSFT,6/1/21,209.9721422,214.2473988,209.744529,210.0513153,35930700,0,0
USA,MSFT,7/1/21,211.8227729,217.0678737,211.4962046,216.0287476,27694500,0,0
USA,MSFT,8/1/21,216.4147057,218.2950328,214.7818039,217.3449707,22956200,0,0
USA,MSFT,11/1/21,216.2068893,216.6423338,214.4849084,215.2370453,23031300,0,0
USA,MSFT,12/1/21,214.2572806,214.8510713,211.1102294,212.703537,23249300,0,0
USA,MSFT,13/1/21,211.8029937,214.5146007,211.7139146,214.0989532,20087100,0,0
USA,MSFT,14/1/21,213.6734167,215.2073635,210.5362562,210.8133545,29480800,0,0
USA,MSFT,15/1/21,211.3081721,212.2879071,209.8336014,210.4471741,31746500,0,0
USA,MSFT,19/1/21,211.5357848,214.7323213,210.4273916,214.1979218,30480900,0,0
USA,MSFT,20/1/21,215.4448516,223.451044,215.0390951,222.0160675,37777300,0,0
USA,MSFT,21/1/21,222.3723648,223.9557967,220.1159842,222.6395721,30709400,0,0
USA,MSFT,22/1/21,224.7276895,227.6867216,223.4609501,223.6093903,30172700,0,0
USA,MSFT,25/1/21,226.7465568,227.3997235,221.8973216,227.1523132,33152100,0,0
USA,MSFT,26/1/21,229.4581768,231.7541362,227.6966169,229.9233093,49169600,0,0
USA,MSFT,27/1/21,235.5345873,237.949314,227.7560074,230.4874115,69870600,0,0
USA,MSFT,28/1/21,233.1693251,240.1265004,232.6547076,236.4549255,49111200,0,0
USA,MSFT,29/1/21,233.5454119,235.5543822,228.9534777,229.5571594,42503100,0,0
USA,MSFT,1/2/21,232.6250315,239.9879636,230.0222706,237.1674805,33314200,0,0
USA,MSFT,2/2/21,238.800412,239.7999442,236.217448,237.0289459,25916300,0,0
USA,MSFT,3/2/21,237.0883113,242.551119,236.7815099,240.4827728,27158100,0,0
USA,MSFT,4/2/21,240.146297,240.7202906,237.8800105,239.5030212,25296100,0,0
USA,MSFT,5/2/21,239.7207586,240.7598848,237.9295106,239.6910706,18054800,0,0
USA,MSFT,8/2/21,240.6312312,241.1557398,238.3154746,239.9582825,22211900,0,0
USA,MSFT,9/2/21,239.3644849,242.224547,238.8795704,241.244812,23565000,0,0
USA,MSFT,10/2/21,242.4620519,243.3725199,238.3946267,240.3046417,22186700,0,0
USA,MSFT,11/2/21,242.2443562,242.6105186,239.6415952,241.9573669,15751100,0,0
USA,MSFT,12/2/21,241.4031467,242.7589653,240.2155804,242.452179,16561100,0,0
USA,MSFT,16/2/21,242.4917463,243.5803575,240.403603,241.1755219,26728500,0,0
USA,MSFT,17/2/21,239.3702388,242.3360711,238.9933042,242.2269592,21653500,0.56,0
USA,MSFT,18/2/21,239.8463548,241.959135,238.9139472,241.8202667,16925600,0,0
USA,MSFT,19/2/21,241.7806089,241.8897208,238.2394457,239.0230713,25262600,0,0
USA,MSFT,22/2/21,235.5017262,236.0076001,230.5222818,232.6152344,36446900,0,0
USA,MSFT,23/2/21,228.4690209,232.9326625,226.8819422,231.3852692,30228700,0,0
USA,MSFT,24/2/21,228.1515956,233.2996647,227.1497615,232.6549225,26339700,0,0
USA,MSFT,25/2/21,230.2048925,232.6946073,226.0388298,227.1398621,39542200,0,0
USA,MSFT,26/2/21,229.6593335,233.4683043,227.6854064,230.5024719,37819200,0,0
USA,MSFT,1/3/21,233.9940138,235.5513361,231.2662328,235.0256195,25324000,0,0
USA,MSFT,2/3/21,235.0950525,235.3827179,231.5638182,231.980423,22812500,0,0
USA,MSFT,3/3/21,230.2842449,231.6927701,225.4238259,225.721405,34029500,0,0
USA,MSFT,4/3/21,224.9080307,230.6115728,222.4480573,224.8981018,44727800,0,0
USA,MSFT,5/3/21,227.6655636,231.3852649,224.6302898,229.7287598,41872800,0,0
USA,MSFT,8/3/21,229.5006036,231.4844443,225.2948711,225.5527649,35267400,0,0
USA,MSFT,9/3/21,230.9984063,233.4782071,229.7981761,231.8911285,33080500,0,0
USA,MSFT,10/3/21,235.0851266,235.0851266,230.1651949,230.5421295,29746800,0,0
USA,MSFT,11/3/21,233.0616003,237.2375763,232.416843,235.2140656,29907600,0,0
USA,MSFT,12/3/21,232.1192983,233.9146871,231.3456016,233.8452454,22653700,0,0
USA,MSFT,15/3/21,233.0616237,233.2897611,229.9370653,232.9128265,26034900,0,0
USA,MSFT,16/3/21,234.3709442,238.120402,234.0336949,235.7893982,28092200,0,0
USA,MSFT,17/3/21,234.2419931,236.6226111,231.3455874,235.1248016,29562100,0,0
USA,MSFT,18/3/21,230.6810107,232.2978458,228.4690324,228.8558807,34833000,0,0
USA,MSFT,19/3/21,229.1534459,230.5917274,227.4969407,228.4888611,46430700,0,0
USA,MSFT,22/3/21,228.4095119,234.9859338,228.2805574,234.0832977,30127000,0,0
USA,MSFT,23/3/21,235.571177,239.1024111,235.1545722,235.6604462,31638400,0,0
USA,MSFT,24/3/21,235.9282758,236.0770579,233.4187184,233.5575867,25620100,0,0
USA,MSFT,25/3/21,233.3988749,235.0256237,229.699016,230.4627838,34061900,0,0
USA,MSFT,26/3/21,229.6791606,234.7974733,229.6791606,234.5693207,25479900,0,0
USA,MSFT,29/3/21,234.6784389,234.8867488,230.0065024,233.3393555,25227500,0,0
USA,MSFT,30/3/21,231.6431646,231.9605864,229.2328053,229.9767456,24792000,0,0
USA,MSFT,31/3/21,231.0281737,237.1681631,230.5123709,233.8650665,43623500,0,0
USA,MSFT,1/4/21,236.5432509,240.877938,236.1266461,240.3919067,30338000,0,0
USA,MSFT,5/4/21,240.798572,247.9404104,240.7390592,247.0576019,36910600,0,0
USA,MSFT,6/4/21,245.609396,247.3849268,244.8852984,245.8573761,22931900,0,0
USA,MSFT,7/4/21,245.8077951,248.902582,245.1928093,247.8809052,22719800,0,0
USA,MSFT,8/4/21,250.7277094,252.0866354,249.9639265,251.2038269,23625200,0,0
USA,MSFT,9/4/21,250.8269033,253.9217052,250.4003848,253.7828369,24326800,0,0
USA,MSFT,12/4/21,252.6520448,255.5881357,252.5627604,253.8423462,27148700,0,0
USA,MSFT,13/4/21,255.1814466,257.0958456,254.7548978,256.4014893,23837500,0,0
USA,MSFT,14/4/21,255.3996616,256.7387298,253.0983991,253.5249176,23070900,0,0
USA,MSFT,15/4/21,255.8460285,257.8298693,255.6476626,257.4033508,25627500,0,0
USA,MSFT,16/4/21,257.3735728,258.8912098,255.5186866,258.6333008,24878600,0,0
USA,MSFT,19/4/21,258.0877718,259.3673576,255.7369253,256.6494751,23209300,0,0
USA,MSFT,20/4/21,255.736923,258.0976983,254.7648301,256.1733704,19722900,0,0
USA,MSFT,21/4/21,256.8478756,258.5738075,255.1715277,258.4746094,24030400,0,0
USA,MSFT,22/4/21,258.1075945,259.6649168,253.5745262,255.0921783,25606200,0,0
USA,MSFT,23/4/21,255.7964698,259.3971462,255.1913826,259.0400391,21462600,0,0
USA,MSFT,26/4/21,259.5459251,260.3196219,258.0679732,259.4367981,19763300,0,0
USA,MSFT,27/4/21,259.4665301,261.0635377,258.0183347,259.8533936,31014200,0,0
USA,MSFT,28/4/21,254.0109582,254.4672634,250.9062577,252.5032501,46903100,0,0
USA,MSFT,29/4/21,253.3959954,254.0308239,246.9881829,250.4698181,40589000,0,0
USA,MSFT,30/4/21,247.7221983,251.0352087,247.5833301,250.1424713,30945100,0,0
USA,MSFT,3/5/21,251.352624,252.2949605,249.0910467,249.8250732,19626600,0,0
USA,MSFT,4/5/21,248.9422633,249.1803297,243.7743514,245.7879486,32756100,0,0
USA,MSFT,5/5/21,247.0477081,247.4841555,243.8338954,244.4786377,21901300,0,0
USA,MSFT,6/5/21,244.4587675,247.8412195,242.7129931,247.712265,26491100,0,0
USA,MSFT,7/5/21,250.1127343,252.2453723,249.1406565,250.4202423,27032900,0,0
USA,MSFT,10/5/21,248.8430653,249.6961174,245.1233638,245.1828766,29299900,0,0
USA,MSFT,11/5/21,242.5741358,244.6075756,240.6101377,244.2405548,33641600,0,0
USA,MSFT,12/5/21,240.213371,242.4055218,236.1465062,237.068985,36684400,0,0
USA,MSFT,13/5/21,239.8463484,243.6156489,239.4694138,241.0664063,29624300,0,0
USA,MSFT,14/5/21,243.5958073,247.1667116,243.5065381,246.1450348,23901100,0,0
USA,MSFT,17/5/21,244.5579769,244.597647,241.5524593,243.1990356,24970200,0,0
USA,MSFT,18/5/21,244.2802256,244.4190939,240.9374438,241.1159973,20168000,0,0
USA,MSFT,19/5/21,237.9245837,241.8218882,237.2187025,241.7125244,25739800,0.56,0
USA,MSFT,20/5/21,242.5476698,246.5145611,242.4482427,245.0530701,21800700,0,0
USA,MSFT,21/5/21,246.1367711,246.8923658,243.3231528,243.7506561,21863100,0,0
USA,MSFT,24/5/21,246.3555053,249.7060063,246.0771275,249.3282013,21411500,0,0
USA,MSFT,25/5/21,250.3124699,251.2867923,249.3679727,250.2627563,17704300,0,0
USA,MSFT,26/5/21,249.9744227,251.4756908,249.2983667,250.0340881,17771600,0,0
USA,MSFT,27/5/21,249.7159473,250.0241503,247.8070643,247.8667145,24426200,0,0
USA,MSFT,28/5/21,249.5469237,250.6206733,248.1152577,248.2345581,18270200,0,0
USA,MSFT,1/6/21,249.7755721,249.8352223,245.5303029,245.9677429,23213300,0,0
USA,MSFT,2/6/21,246.6935287,247.8269284,244.4167775,245.8683319,19406700,0,0
USA,MSFT,3/6/21,243.8003983,244.9139097,241.5932489,244.2875671,25307700,0,0
USA,MSFT,4/6/21,246.3256771,250.1931567,246.0771244,249.3381348,25281100,0,0
USA,MSFT,7/6/21,248.5328081,252.619015,248.3637941,252.3406372,23079200,0,0
USA,MSFT,8/6/21,253.6828362,254.5279215,251.0481685,251.1078339,22455000,0,0
USA,MSFT,9/6/21,252.3406453,254.0506891,251.7441279,252.1219177,17937600,0,0
USA,MSFT,10/6/21,252.8178594,255.9695058,252.2014535,255.7507782,24563600,0,0
USA,MSFT,11/6/21,256.496461,256.9935665,255.1244451,256.3970642,18999700,0,0
USA,MSFT,14/6/21,256.4069673,258.4451178,255.3133294,258.3854675,19150500,0,0
USA,MSFT,15/6/21,258.2661292,258.4848568,256.1882323,256.8642883,18038900,0,0
USA,MSFT,16/6/21,257.8982791,259.0714405,252.9471134,255.8899841,27220000,0,0
USA,MSFT,17/6/21,254.5875926,260.2347033,254.5279424,259.3896179,27565500,0,0
USA,MSFT,18/6/21,258.1269549,260.7814807,257.2520445,257.9281006,37202200,0,0
USA,MSFT,21/6/21,258.3158587,261.9944205,256.4268642,261.1095886,26696100,0,0
USA,MSFT,22/6/21,261.1990742,264.2513087,260.8809194,263.9729309,24694100,0,0
USA,MSFT,23/6/21,264.4501164,265.2852498,262.89915,263.7342834,19518700,0,0
USA,MSFT,24/6/21,264.6191571,266.2993758,263.9331492,265.1460876,21446900,0,0
USA,MSFT,25/6/21,264.6887653,265.7028494,263.2272741,263.4857483,25611100,0,0
USA,MSFT,28/6/21,264.648985,267.3432878,264.3706071,267.1643372,19590000,0,0
USA,MSFT,29/6/21,267.3134444,270.0773491,266.4286126,269.8287964,19937800,0,0
USA,MSFT,30/6/21,269.1229198,269.789024,268.0392337,269.3316956,21656500,0,0
USA,MSFT,1/7/21,268.0491489,270.2662498,268.0392274,270.0276489,16725300,0,0
USA,MSFT,2/7/21,271.2406081,276.3906129,270.9224533,276.0426331,26458000,0,0
USA,MSFT,6/7/21,276.4204349,277.7526738,272.7120176,276.0525818,31565600,0,0
USA,MSFT,7/7/21,277.7824872,279.0650276,275.545513,278.3094177,23260000,0,0
USA,MSFT,8/7/21,275.2969558,277.1163785,273.2787092,275.8139648,24618600,0,0
USA,MSFT,9/7/21,274.1238139,276.4403118,273.7261356,276.3309631,23916700,0,0
USA,MSFT,12/7/21,277.5438828,278.1503368,274.978802,275.7145386,18931700,0,0
USA,MSFT,13/7/21,275.9133718,281.2125324,275.7841499,279.353363,26120100,0,0
USA,MSFT,14/7/21,280.7154343,282.0178481,278.9258366,280.8745117,23113700,0,0
USA,MSFT,15/7/21,280.3674313,280.8744885,278.2099806,279.4030457,22604200,0,0
USA,MSFT,16/7/21,280.4370604,282.4553072,277.8421543,279.1246948,26186800,0,0
USA,MSFT,19/7/21,277.31524,278.7469061,272.8611946,275.4063721,32935600,0,0
USA,MSFT,20/7/21,276.420432,279.3434142,274.6606897,277.7029724,26259700,0,0
USA,MSFT,21/7/21,277.2853776,279.890205,275.6847128,279.7709045,24364300,0,0
USA,MSFT,22/7/21,282.196787,284.7618678,281.7792354,284.48349,23384100,0,0
USA,MSFT,23/7/21,285.7063391,288.3111664,284.8413806,287.993042,22768100,0,0
USA,MSFT,26/7/21,287.326919,288.0129269,284.9805961,287.3766174,23176100,0,0
USA,MSFT,27/7/21,287.7544179,287.9035435,281.3119515,284.8811646,33604100,0,0
USA,MSFT,28/7/21,287.3169718,288.47026,282.1868404,284.5630188,33566900,0,0
USA,MSFT,29/7/21,284.5829261,286.949153,284.4238487,284.8414307,18168300,0,0
USA,MSFT,30/7/21,283.5191247,285.0004891,282.2664093,283.2606201,20944800,0,0
USA,MSFT,2/8/21,284.7022054,285.1098355,282.0973779,283.1711426,16267400,0,0
USA,MSFT,3/8/21,283.7676844,285.5672037,282.3558916,285.4578247,17879000,0,0
USA,MSFT,4/8/21,284.5630192,285.9250832,283.002101,284.8513489,16191300,0,0
USA,MSFT,5/8/21,285.2192018,287.9532816,284.4437186,287.8439026,13900200,0,0
USA,MSFT,6/8/21,286.8397891,287.8240482,285.9549269,287.7842712,16589300,0,0
USA,MSFT,9/8/21,288.0725592,289.8621264,286.1437879,286.6607666,16117600,0,0
USA,MSFT,10/8/21,287.1280612,287.5754681,283.5489266,284.7817383,18616600,0,0
USA,MSFT,11/8/21,285.547262,286.9888797,284.2050714,285.2887878,13955900,0,0
USA,MSFT,12/8/21,284.9706798,288.2913406,284.6823501,288.1322632,14561300,0,0
USA,MSFT,13/8/21,287.8041773,291.2043615,287.6251962,291.1546631,18249000,0,0
USA,MSFT,16/8/21,291.4926599,293.1132283,288.3409984,292.8945007,22507600,0,0
USA,MSFT,17/8/21,290.6972928,291.7312501,289.3948488,291.3832703,20075300,0,0
USA,MSFT,18/8/21,290.9051879,293.674384,289.1420464,289.6002808,21813000,0.56,0
USA,MSFT,19/8/21,287.568172,296.3140523,287.5183784,295.6167603,29850500,0,0
USA,MSFT,20/8/21,298.5553229,304.6515364,296.9017699,303.1772766,40817600,0,0
USA,MSFT,23/8/21,302.0716327,304.2132722,300.6770789,303.4661865,22830200,0,0
USA,MSFT,24/8/21,303.8347292,304.462286,300.8264754,301.4440613,18175800,0,0
USA,MSFT,25/8/21,303.1175359,303.4064175,299.2526384,300.8364563,20006100,0,0
USA,MSFT,26/8/21,299.8204063,301.2548132,297.7883552,297.9277954,17666100,0,0
USA,MSFT,27/8/21,297.8281541,299.7008535,295.6765439,298.5553284,22605700,0,0
USA,MSFT,30/8/21,299.9498753,303.0378351,299.8901108,302.4102783,16348100,0,0
USA,MSFT,31/8/21,303.2371089,303.3167846,300.3284419,300.7069702,26285300,0,0
USA,MSFT,1/9/21,301.6931023,304.0040945,300.3184598,300.657135,18983800,0,0
USA,MSFT,2/9/21,301.0257049,302.1811706,299.0135349,299.9797668,16285600,0,0
USA,MSFT,3/9/21,299.8204072,301.4241669,299.0932633,299.9698486,14747900,0,0
USA,MSFT,7/9/21,299.840311,299.9199868,297.0412329,299.0135193,17180400,0,0
USA,MSFT,8/9/21,298.6150742,299.4418355,296.3140532,299.043396,15046800,0,0
USA,MSFT,9/9/21,299.6510751,300.9659531,295.8459116,296.0949402,19927000,0,0
USA,MSFT,10/9/21,297.2604044,298.7545756,294.2322088,294.5609131,19633400,0,0
USA,MSFT,13/9/21,296.393759,297.3799327,292.9372416,295.8359375,23652900,0,0
USA,MSFT,14/9/21,298.3959743,300.2188804,296.9416561,298.6250916,21853400,0,0
USA,MSFT,15/9/21,302.0815929,304.1335856,300.6471861,303.6355286,28356300,0,0
USA,MSFT,16/9/21,302.5796479,304.1236127,299.5913054,304.0339661,19550800,0,0
USA,MSFT,17/9/21,302.9880515,303.3167558,298.3660673,298.7047424,41372500,0,0
USA,MSFT,20/9/21,295.1784825,297.5592098,288.3949478,293.1563721,38278700,0,0
USA,MSFT,21/9/21,294.5409751,296.3837922,292.9272751,293.6544189,22364100,0,0
USA,MSFT,22/9/21,295.576952,299.0533805,293.3655774,297.4197388,26626300,0,0
USA,MSFT,23/9/21,297.6887026,299.7307243,296.3738247,298.3959351,18604600,0,0
USA,MSFT,24/9/21,297.0711246,298.6350007,295.776158,298.1867676,14999000,0,0
USA,MSFT,27/9/21,294.9892626,295.3179669,291.8016851,293.0269165,23571700,0,0
USA,MSFT,28/9/21,288.6738696,289.6500724,281.651277,282.4182739,43186200,0,0
USA,MSFT,29/9/21,283.9921244,285.6556178,281.9102496,282.8963928,26353700,0,0
USA,MSFT,30/9/21,284.5997748,286.711532,280.5256714,280.8245239,32343600,0,0
USA,MSFT,1/10/21,281.0237056,288.8531783,280.1969443,287.976593,30086300,0,0
USA,MSFT,4/10/21,286.2831953,286.6318413,279.1609854,282.0098572,31350700,0,0
USA,MSFT,5/10/21,282.9462198,289.2715509,282.9462198,287.6379395,24993000,0,0
USA,MSFT,6/10/21,284.6694751,292.4889766,284.4005352,291.9709778,28002600,0,0
USA,MSFT,7/10/21,294.0329584,295.4873069,292.7778753,293.7042542,20430500,0,0
USA,MSFT,8/10/21,295.0689256,295.4873069,292.6184934,293.7042542,17685700,0,0
USA,MSFT,11/10/21,291.7817629,296.812127,291.6124101,293.0866699,19298600,0,0
USA,MSFT,12/10/21,294.1923451,294.2919626,291.2139736,291.7419128,17974100,0,0
USA,MSFT,13/10/21,293.764046,296.1248319,292.3495505,295.1585999,23416300,0,0
USA,MSFT,14/10/21,298.0472949,302.0915158,296.6726526,301.5735474,27262900,0,0
USA,MSFT,15/10/21,301.165134,303.2669506,299.3521991,303.0278625,25384800,0,0
USA,MSFT,18/10/21,302.390371,307.0123247,301.5137857,306.0959167,22729300,0,0
USA,MSFT,19/10/21,307.1518164,308.0981067,306.0262025,307.0322876,17682100,0,0
USA,MSFT,20/10/21,308.0084474,308.496564,304.9204875,306.2154541,16537100,0,0
USA,MSFT,21/10/21,305.9763832,309.8113982,305.1695028,309.5524292,16918100,0,0
USA,MSFT,22/10/21,309.1938205,309.8811417,306.6039177,307.9586487,17449300,0,0
USA,MSFT,25/10/21,308.1578793,308.1977323,305.2691541,306.9326782,17554500,0,0
USA,MSFT,26/10/21,309.7914939,311.1860476,307.4008261,308.9049377,28107300,0,0
USA,MSFT,27/10/21,314.7720933,324.832853,314.7720933,321.9142456,52588700,0,0
USA,MSFT,28/10/21,323.0696884,323.6075985,320.1112282,323.0896301,26297900,0,0
USA,MSFT,29/10/21,322.8704748,330.7098881,322.6413576,330.3313599,34766000,0,0
USA,MSFT,1/11/21,330.0723759,330.2018756,325.1017759,328.0901184,27073200,0,0
USA,MSFT,2/11/21,329.0264611,332.1542741,328.7176681,331.8355103,26487100,0,0
USA,MSFT,3/11/21,332.6025004,333.5986146,329.3651295,332.7021179,21500100,0,0
USA,MSFT,4/11/21,331.5964365,335.2322469,328.229566,335.1326294,23992200,0,0
USA,MSFT,5/11/21,337.1946117,337.4735225,333.1205085,334.7541199,22570100,0,0
USA,MSFT,8/11/21,335.9893044,336.3379505,333.1404324,335.6805115,20897000,0,0
USA,MSFT,9/11/21,335.8000274,337.403787,333.2300663,334.6445618,21307400,0,0
USA,MSFT,10/11/21,333.2699268,333.3296912,328.6380019,329.5145569,25500900,0,0
USA,MSFT,11/11/21,329.9628067,332.4730034,329.225692,331.1382141,16849800,0,0
USA,MSFT,12/11/21,332.6224526,335.919588,332.4929529,335.4115601,23831000,0,0
USA,MSFT,15/11/21,336.2283882,336.5670634,332.7320177,334.7640991,16723000,0,0
USA,MSFT,16/11/21,334.3756005,339.346231,334.2062781,338.1907349,20886800,0,0
USA,MSFT,17/11/21,338.2406058,341.4838995,337.302543,338.4202271,19053400,0.62,0
USA,MSFT,18/11/21,337.4821756,341.7433842,336.4243653,340.5657959,22463500,0,0
USA,MSFT,19/11/21,341.9330071,344.3879226,341.4939126,342.4020081,21963400,0,0
USA,MSFT,22/11/21,343.9088781,348.9484758,338.8493327,339.1287537,31031100,0,0
USA,MSFT,23/11/21,336.3545104,338.7495826,332.8717215,336.9832153,30427600,0,0
USA,MSFT,24/11/21,335.5860966,337.4622222,333.2209919,337.212738,21661300,0,0
USA,MSFT,26/11/21,333.6601026,337.2327022,327.4429467,328.9997253,24217200,0,0
USA,MSFT,29/11/21,334.248879,338.330436,334.0492795,335.9353943,28563500,0,0
USA,MSFT,30/11/21,334.6280877,337.0830031,328.3111324,329.9078369,42885600,0,0
USA,MSFT,1/12/21,334.4384933,338.579924,328.710347,329.3988953,33337600,0,0
USA,MSFT,2/12/21,329.6184152,332.8018351,327.123574,328.8100891,30766000,0,0
USA,MSFT,3/12/21,331.3049569,332.0135138,317.3737707,322.3435059,41779300,0,0
USA,MSFT,6/12/21,323.281569,326.7743471,318.5713071,325.5169373,30032600,0,0
USA,MSFT,7/12/21,330.9556818,335.1070709,329.418851,334.2289124,31021900,0,0
USA,MSFT,8/12/21,334.6181034,334.8077137,330.1173998,334.2788086,24761000,0,0
USA,MSFT,9/12/21,333.7199531,335.7956476,331.4346699,332.4126587,22214200,0,0
USA,MSFT,10/12/21,334.2887931,342.2922332,334.0991827,341.8331909,38095700,0,0
USA,MSFT,13/12/21,339.9770035,343.0806019,338.380299,338.699646,28899400,0,0
USA,MSFT,14/12/21,332.5324107,333.949494,323.4411931,327.6624756,44438700,0,0
USA,MSFT,15/12/21,327.9319271,334.4983669,323.8304224,333.9594727,35381100,0,0
USA,MSFT,16/12/21,335.0172756,336.0651272,322.3534581,324.2295837,35034800,0,0
USA,MSFT,17/12/21,320.2178783,324.2495504,316.5953639,323.1318359,47750300,0,0
USA,MSFT,20/12/21,319.3895732,322.1338987,316.9147101,319.2498779,28326500,0,0
USA,MSFT,21/12/21,322.6229084,327.053749,319.1400892,326.6146545,24740600,0,0
USA,MSFT,22/12/21,327.6225681,332.9216089,325.077842,332.5124817,24831500,0,0
USA,MSFT,23/12/21,332.0633903,335.695894,332.0434425,333.9993896,19617800,0,0
USA,MSFT,27/12/21,334.7677806,341.7733146,334.7378437,341.7433777,19947000,0,0
USA,MSFT,28/12/21,342.4419107,343.1005525,339.6177637,340.5458374,15661500,0,0
USA,MSFT,29/12/21,340.5957322,343.5895418,338.9790798,341.2444153,15042000,0,0
USA,MSFT,30/12/21,341.2044946,342.4219784,338.1208742,338.6198425,15994500,0,0
USA,MSFT,31/12/21,337.8115211,338.6597429,335.1570062,335.6260376,18000800,0,0
USA,MSFT,3/1/22,334.6580332,337.302559,329.0995192,334.0592651,28865100,0,0
USA,MSFT,4/1/22,334.1390833,334.5083454,325.4470645,328.3311157,32674300,0,0
USA,MSFT,5/1/22,325.1875919,325.3971805,315.3280043,315.7271729,40054300,0,0
USA,MSFT,6/1/22,312.5038257,318.0423918,310.8472473,313.2323303,39646100,0,0
USA,MSFT,7/1/22,313.5017567,315.8469136,309.4501368,313.3919983,32720000,0,0
USA,MSFT,10/1/22,308.8513853,314.0706046,304.0613019,313.621521,44289500,0,0
USA,MSFT,11/1/22,312.7333735,315.9566892,309.2505845,314.3300781,29386800,0,0
USA,MSFT,12/1/22,319.0103862,322.7426592,316.4257038,317.6132507,34372200,0,0
USA,MSFT,13/1/22,319.8087303,320.2178879,303.372714,304.171051,45366000,0,0
USA,MSFT,14/1/22,303.6222017,310.1786523,303.1232335,309.5599365,39846400,0,0
USA,MSFT,18/1/22,303.4425654,309.1607222,301.1173563,302.0254822,42333200,0,0
USA,MSFT,19/1/22,305.6579851,313.2622565,302.0753966,302.704071,45933900,0,0
USA,MSFT,20/1/22,308.4322482,311.006911,300.5186189,300.9776611,35380700,0,0
USA,MSFT,21/1/22,302.0654201,303.4824729,295.0000122,295.4191589,57984400,0,0
USA,MSFT,24/1/22,291.597075,296.4969167,275.4803752,295.7584534,85731500,0,0
USA,MSFT,25/1/22,290.918461,294.3813021,284.5815881,287.8947144,72848600,0,0
USA,MSFT,26/1/22,307.354471,307.8634284,292.4253486,296.0977478,90428900,0,0
USA,MSFT,27/1/22,302.0354713,306.6658809,297.3152205,299.221283,53481300,0,0
USA,MSFT,28/1/22,299.6105026,307.8434791,293.8424305,307.6239319,49743700,0,0